순번,사업구분,항공사,등록기호,형식,제작번호,제작일자,기령(년),등록일자,좌석,최대이륙중량,정치장,도입형태,ICAO,IATA
1,항공기사용사업,(재)스타항공우주,HL9494,MI-2,562817043,73.01.01,53,11.01.05,9,3550kg,예천군 감천면,구매,MI2,
2,항공기사용사업,(재)스타항공우주,HL9471,MI-2,529936096,86.09.30,39,12.04.19,9,3550kg,예천군 감천면,구매,MI2,
3,항공기사용사업,(재)스타항공우주,HL9622,MI-2,5410217047,87.04.15,39,16.01.18,9,3550kg,예천군 감천면,구매,MI2,
1,소형항공기운송사업,(주)더스카이,HL9301,BELL206B,8550,78.07.19,48,12.10.18,5,1450kg,예천군 감천면,구매,B06,
2,소형항공기운송사업,(주)더스카이,HL9699,S-76A,760295,90.10.31,35,17.06.07,14,10800lbs,예천군 감천면,구매,S76,S76
3,항공기사용사업,(주)더스카이,HL9664,S-76A,760187,84.03.21,42,20.03.12,14,10.800lbs,예천군 감천면,구매,S76,S76
4,항공기사용사업,(주)더스카이,HL9670,S-76C+,760554,03.12.01,22,20.12.21,14,11700lbs,경북 예천군 감천면 충효로 1078,구매,S76,S76
5,항공기사용사업,(주)더스카이,HL9676,S-76C,760551,03.11.25,22,21.09.27,14,11700lbs,경북 예천군 감천면 충효로 1078,구매,S76,S76
6,항공기사용사업,(주)더스카이,HL9685,S-76C+,760533,03.02.03,23,22.01.28,14,11700lbs,경북 예천군 감천면 충효로 1078,구매,S76,S76
7,항공기사용사업,(주)더스카이,HL9691,S-76C++,760682,07.10.02,18,22.11.14,14,11700lbs,경북 예천군 감천면 충효로 1078,구매,S76,S76
8,항공기사용사업,(주)더스카이,HL9692,S-76C++,760612,06.03.29,20,22.11.14,14,11700lbs,경북 예천군 감천면 충효로 1078,구매,S76,S76
9,항공기사용사업,(주)더스카이,HL9205,S-76B,760319,86.05.30,40,24.03.29,14,11700lbs,경북 예천군 감천면 충효로 1078,구매,S76,S76
10,항공기사용사업,(주)더스카이,HL9327,BELL-505,65126,18.07.26,8,25.08.28,5,1669kg,충북 단양군,구매,B505,
1,항공기사용사업,(주)미도지리정보,HL1139,T-206H,T20608992,10.06.15,16,11.05.25,6,1723kg,김포공항,구매,C206,
1,항공기사용사업,(주)스펙코어,HL1193,C-172R,17281179,06.09.01,19,14.01.07,4,2450lbs,울산공항,구매,C172,CN1
2,항공기사용사업,(주)스펙코어,HL2039,PA-34-220T,3449045,98.02.03,28,14.09.22,5,4750lbs,양양국제공항,구매,PA34,
1,항공기사용사업,(주)신한에어,HL1202,C-172S,172S10864,08.12.12,17,14.05.28,4,1111kg,전남 영암군 미암면,구매,C172,CN1
2,항공기사용사업,(주)신한에어,HL1203,C-172S,172S9936,05.09.09,20,14.05.28,4,1111kg,전남 영암,구매,C172,CN1
1,항공기사용사업,(주)아이지온,HL1267,T-206H,T20608075,99.05.24,27,18.07.03,6,1633kg,고흥만 경비행장,구매,C206,
1,항공기사용사업,(주)에스지앤아이,HL1287,U206G,U20605444,79.11.15,46,20.01.17,4,1633kg,김포공항,구매,C206,
1,항공기사용사업,(주)에어플렉스,HL1156,C-172S,172S9537,03.11.09,22,12.01.06,4,2550lbs,양양국제공항,임차,C172,CN1
2,항공기사용사업,(주)에어플렉스,HL1163,C-172S,172S8394,00.03.06,26,12.09.24,4,1156.6kg,양양공항,구매,C172,CN1
3,항공기사용사업,(주)에어플렉스,HL1257,C-172S,172S8939,01.09.10,24,15.12.04,4,2550lbs,양양국제공항,구매,C172,CN1
1,소형항공기운송사업,(주)에어필립,HL6143,R-44Ⅱ,12850,09.06.25,17,09.08.06,4,2500lbs,김포공항,구매,R44,
1,항공기사용사업,(주)이엔비에어,HL9142,AS-350B2,2618,92.02.28,34,00.05.13,6,2250kg,충북 단양군,구매,AS50,
2,항공기사용사업,(주)이엔비에어,HL9295,KA-32A,59-02/009,87.12.20,38,07.01.16,16,12.7ton,충북 단양군,구매,KA27,
3,항공기사용사업,(주)이엔비에어,HL9462,KA-32T,9204,95.06.27,31,07.11.15,18,11ton,충북 단양군,구매,KA32,
4,항공기사용사업,(주)이엔비에어,HL9312,AS-350B2,2681,92.12.10,33,18.11.20,6,2250kg,충북 단양군,구매,AS50,
5,항공기사용사업,(주)이엔비에어,HL9314,AS-350B2,9014,99.11.05,26,23.04.04,6,2250kg,충북 단양군,,AS50,
6,항공기사용사업,(주)이엔비에어,HL9317,AS-350B2,3299,00.05.05,26,24.01.24,6,2500kg,충북 단양군,구매,AS50,
7,항공기사용사업,(주)이엔비에어,HL9206,KA-32A11BC,9814,08.06.05,18,24.04.24,15,11000kg,충북 단양군,구매,KA32,
8,항공기사용사업,(주)이엔비에어,HL9326,BELL-505,65637,25.08.15,1,25.09.12,5,1669kg,충북 단양군,구매,B505,
9,항공기사용사업,(주)이엔비에어,HL9212,KA-32A11BC,(31585)8707/05,93.12.27,32,25.12.19,15,11000kg,충북 단양군,구매,KA32,
10,항공기사용사업,(주)이엔비에어,HL9217,KA-32A11BC,(31594)8801/03,93.12.27,32,26.04.06,15,11000kg,충북 단양군,구매,KA32,
1,항공기사용사업,(주)지오스토리,HL5114,C-208B,208B1261,07.07.19,19,07.10.25,14,8750lbs,김포공항,구매,C208,CN1
2,항공기사용사업,(주)지오스토리,HL5242,C90B,LJ-1586,18.01.19,8,18.04.24,5,10100lbs,무안공항,구매,C90B,
1,항공기사용사업,(주)한국조종사교육원,HL1107,C-172S,172S8083,99.01.19,27,07.07.13,4,1156kg,양양공항,구매,C172,CN1
2,항공기사용사업,(주)한국조종사교육원,HL1110,C-172S,172S9371,03.04.22,23,08.03.17,5,1156kg,양양공항,구매,C172,CN1
3,항공기사용사업,(주)한국조종사교육원,HL1112,C-172S,172S9729,04.11.22,21,08.11.25,4,1160kg,울산공항,구매,C172,CN1
4,항공기사용사업,(주)한국조종사교육원,HL2030,PA44-180,44-7995-257,81.03.21,45,09.07.23,4,1.72ton,울산공항,구매,PA44,
5,항공기사용사업,(주)한국조종사교육원,HL1149,C-172S,172S9390,03.01.14,23,11.11.01,4,1156.6kg,울산공항,구매,C172,CN1
6,항공기사용사업,(주)한국조종사교육원,HL1150,C-172S,172S8580,00.07.07,26,11.12.05,4,1156.6kg,울산공항,구매,C172,CN1
7,항공기사용사업,(주)한국조종사교육원,HL1151,C-172S,172S9514,03.08.06,23,11.12.05,4,1156.6kg,울산공항,구매,C172,CN1
8,항공기사용사업,(주)한국조종사교육원,HL1164,C-172S,172S9806,05.01.31,21,12.12.21,4,2550lbs,양양공항,구매,C172,CN1
9,항공기사용사업,(주)한국조종사교육원,HL1165,C-172S,172S9452,03.06.09,23,12.12.21,4,1156.6kg,양양공항,구매,C172,CN1
10,항공기사용사업,(주)한국조종사교육원,HL1262,C-172S,172S9689,04.06.08,22,16.10.24,4,2550lbs,강원도 양양,구매,C172,CN1
1,자가용,LG전자,HL9604,S-76D,761018,13.04.23,13,14.10.16,8,5386kg,김포공항,구매,S76,S76
2,자가용,LG전자,HL8299,GVI,6212,16.06.11,10,16.12.13,12,46.992ton,김포공항,구매,G650,
3,자가용,LG전자,HL9640,S-76D,761074,15.03.18,11,18.08.14,8,5386kg,김포공항,구매,S76,S76
1,자가용,SK텔레콤,HL9600,S-76D,761017,14.07.03,12,14.08.14,8,5.386ton,김포공항,구매,S76,S76
2,자가용,SK텔레콤,HL8080,A319-115,5768,13.10.18,12,15.04.09,17,11875lbs,김포공항,구매,A319,319
3,자가용,SK텔레콤,HL8372,GVI,6378,19.03.23,7,19.08.27,15,47000kg,김포공항,구매,G650,
1,국가기관,강원도,HL9476,AW139,31154,09.03.04,17,09.05.26,14,6.4ton,강원도 양양,구매,A139,
2,국가기관,강원도,HL9626,AW139,41527,17.02.10,9,17.04.26,15,6800kg,춘천시 신북읍,구매,A139,
1,국가기관,경기도,HL9455,AS-365N3,6606,01.09.18,24,07.11.15,14,4.3ton,경기도 용인시,구매,AS65,
2,국가기관,경기도,HL9485,AW139,31254,10.08.06,16,10.11.02,17,6.4ton,경기도 용인시,구매,A139,
3,국가기관,경기도,HL9210,AW139,32133,26.03.18,0,26.05.20,14,7000kg,경기도 용인시,구매,A139,
4,국가기관,경기도,HL9211,AW139,32136,26.04.01,0,26.05.20,14,7000kg,경기도 용인시,구매,A139,
1,국가기관,경상남도,HL9679,KUHC-1,KUHC-1-22-001,22.05.18,4,22.05.24,12,8709kg,경남 합천군 용주면 고품부흥1길 10-28,구매,KUH1,
1,국가기관,경상북도,HL9463,AS-365N3,6727,06.02.17,20,07.11.15,14,4.3ton,포항시 북구 내단길 86번길 19-59,구매,AS65,
2,국가기관,경상북도,HL9202,KUHC-1,KUHC-1-24-004,24.09.12,1,24.09.19,12,8709kg,경북 119특수대응단,구매,KUH1,
1,자가용,경운대학교,HL1158,C-172S,172S10696,08.03.24,18,12.02.27,4,2550lbs,무안공항,임차,C172,CN1
2,자가용,경운대학교,HL1183,C-172S,172S9834,05.02.15,21,13.11.12,4,2550lbs,무안공항,구매,C172,CN1
3,자가용,경운대학교,HL1274,XL-2,0117,08.09.03,17,17.05.24,2,794kg,전남 영암군,구매,XL2,
4,자가용,경운대학교,HL1275,XL-2,0118,08.09.08,17,17.05.24,2,794kg,전남 영암군,구매,XL2,
5,자가용,경운대학교,HL1281,XL-2,0110,08.06.04,18,19.04.10,2,794kg,전남 영암,구매,XL2,
6,자가용,경운대학교,HL1282,XL-2,0074,07.08.13,19,19.04.10,2,794kg,전남 영암,구매,XL2,
7,자가용,경운대학교,HL1283,XL-2,0071,07.07.18,19,19.04.10,2,794kg,무안공항,구매,XL2,
8,자가용,경운대학교,HL1293,C-172S,172S12638,21.03.02,5,21.06.01,4,1157kg,무안공항,구매,C172,CN1
9,자가용,경운대학교,HL1294,C-172S,172S12715,21.08.24,5,21.11.18,4,1157kg,무안공항,구매,C172,CN1
10,자가용,경운대학교,HL1299,C-172S,172S9240,02.11.14,23,23.05.30,4,2550lbs,무안공항,구매,C172,CN1
11,자가용,경운대학교,HL1301,C-172S,172S13329,25.04.21,1,25.07.02,4,1157kg,무안공항,구매,C172,CN1
1,국가기관,광주광역시,HL9684,AW139,31975,22.06.20,4,22.12.21,14,7000kg,광주공항,구매,A139,
1,국가기관,국립공원관리공단,HL9465,KA-32T,96-01,97.04.24,29,07.12.06,18,11ton,김포공항,구매,KA32,
1,항공기사용사업,글로리아교육재단(주),HL1204,C-172S,172S10527,07.06.06,19,14.06.23,4,1.156ton,울진비행장,구매,C172,CN1
2,항공기사용사업,글로리아교육재단(주),HL1205,C-172S,172S10602,07.09.27,18,14.06.23,4,1.156ton,울진비행장,구매,C172,CN1
3,항공기사용사업,글로리아교육재단(주),HL1211,C-172S,172s10456,07.03.15,19,14.09.11,4,1.156ton,울진비행장,구매,C172,CN1
4,항공기사용사업,글로리아교육재단(주),HL1212,C-172S,172S10353,06.11.21,19,14.09.11,4,1.156ton,울진비행장,구매,C172,CN1
5,항공기사용사업,글로리아교육재단(주),HL1213,C-172S,172S9722,04.10.27,21,14.09.30,4,2550lbs,울진비행장,구매,C172,CN1
6,항공기사용사업,글로리아교육재단(주),HL1215,C-172S,172S8994,01.12.03,24,14.09.30,4,2550lbs,울진비행장,구매,C172,CN1
7,항공기사용사업,글로리아교육재단(주),HL1214,C-172S,172S9221,02.11.19,23,14.10.27,4,2550lbs,울진비행장,구매,C172,CN1
8,항공기사용사업,글로리아교육재단(주),HL1216,C-172R,17280268,97.12.03,28,14.10.27,4,2550lbs,울진비행장,구매,C172,CN1
9,항공기사용사업,글로리아교육재단(주),HL1235,C-172S,172S10491,07.04.20,19,15.06.02,4,2550lbs,울진비행장,구매,C172,CN1
10,항공기사용사업,글로리아교육재단(주),HL1238,C-172S,172S10489,07.04.17,19,15.06.03,4,2550lbs,울진비행장,구매,C172,CN1
11,항공기사용사업,글로리아교육재단(주),HL1236,C-172S,172S10330,06.09.29,19,15.06.29,4,2550lbs,울진비행장,구매,C172,CN1
12,항공기사용사업,글로리아교육재단(주),HL1237,C-172S,172S10493,15.06.29,11,15.06.29,4,2550lbs,울진비행장,구매,C172,CN1
13,항공기사용사업,글로리아교육재단(주),HL2044,PA44-180,4496364,15.08.28,10,15.10.13,4,3800lbs,울진비행장,구매,PA44,
14,항공기사용사업,글로리아교육재단(주),HL1259,C-172S,172S10540,07.06.12,19,16.01.18,4,2550lbs,울진비행장,구매,C172,CN1
15,항공기사용사업,글로리아교육재단(주),HL1260,C-172S,172S10543,07.06.14,19,16.01.18,4,2550lbs,울진비행장,구매,C172,CN1
16,항공기사용사업,글로리아교육재단(주),HL1261,C-172S,172S10555,07.06.21,19,16.01.18,24.6,2550lbs,울진비행장,구매,C172,CN1
1,항공기사용사업,글로리아항공,HL9635,S-76A++,760286,87.10.18,38,17.08.14,13,4898kg,울진비행장,구매,S76,S76
2,항공기사용사업,글로리아항공,HL9636,S-76C,760421,94.03.09,32,17.08.14,13,5306kg,울진비행장,구매,S76,S76
3,항공기사용사업,글로리아항공,HL9637,S-76A,760228,83.02.21,43,17.11.08,13,4898kg,울진비행장,구매,S76,S76
4,항공기사용사업,글로리아항공,HL9638,S-76A,760294,89.10.31,36,17.11.08,13,4898kg,울진비행장,구매,S76,S76
5,항공기사용사업,글로리아항공,HL9688,EC-155B1,7062,22.09.30,3,22.09.30,15,4920kg,제주공항,구매,EC55,
6,항공기사용사업,글로리아항공,HL6149,R44 RAVEN 1,1413,04.07.23,22,22.12.21,4,1089kg,울진비행장,구매,R44,
7,항공기사용사업,글로리아항공,HL9697,EC-155B1,7063,23.06.02,3,23.11.14,15,4920kg,제주국제공항,구매,EC55,
8,항공기사용사업,글로리아항공,HL9254,S-76C,760467,97.03.07,29,97.03.21,8,5.307ton,울진비행장,구매,S76,S76
1,자가용,기**(204),HL5240,B300,FL-946,14.08.18,12,17.10.10,5,7484kg,김포공항,구매,B350,
1,자가용,기아 주식회사,HL8551,B737-8,68150,23.07.31,3,26.06.25,19,82190kg,김포공항,임차,B38M,7M8
1,항공기사용사업,네이버시스템(주),HL1130,T-206H,T20608393,03.06.24,23,10.09.15,6,1.724ton,김포공항,구매,C206,
1,국가기관,대구광역시,HL9446,KA-32T,96-26,05.11.15,20,07.12.05,18,11ton,대구공항,구매,KA32,
2,국가기관,대구광역시,HL9649,AW169,69101,19.09.28,6,19.10.31,12,4800kg,대구소방항공대,구매,A169,
1,항공기사용사업,대진항공,HL9173,AS-350B2,2877,95.06.17,31,06.04.27,6,2.25ton,김포산업단지,구매,AS50,
2,항공기사용사업,대진항공,HL9299,KA-32T,8609,91.09.12,34,08.05.02,19,11ton,김해공항,구매,KA32,
3,항공기사용사업,대진항공,HL9309,AS-350B2,1146,13.11.07,12,21.02.26,6,2250kg,김포산업단지,구매,AS50,
4,항공기사용사업,대진항공,HL9690,MODEL 107-II,404,94.10.12,31,23.02.16,14,9979kg,김포산업단지,구매,BV07,
5,항공기사용사업,대진항공,HL9319,K-1200,A94-0005,94.06.02,32,24.04.29,1,,김포산업단지,구매,K120,
6,항공기사용사업,대진항공,HL9321,AS-350B2,3208,99.06.29,27,25.01.06,6,2250kg,김포산업단지,,AS50,
7,항공기사용사업,대진항공,HL9322,AS-350B2,2844,94.12.05,31,25.02.17,6,2250kg,김포산업단지,구매,AS50,
8,항공기사용사업,대진항공,HL9323,AS-350B2,4581,08.12.01,17,25.02.17,6,2250kg,김포산업단지,구매,AS50,
9,항공기사용사업,대진항공,HL9324,AS-350B2,4225,07.05.01,19,25.03.19,6,2250kg,김포산업단지,구매,AS50,
10,항공기사용사업,대진항공,HL9329,K-1200,A94-0027,99.01.07,27,25.10.27,1,5443kg,김포산업단지,구매,K120,
11,항공기사용사업,대진항공,HL9413,MODEL 107-II,206,63.02.28,63,26.04.01,14,9979kg,김포산업단지,구매,BV07,
1,국제항공운송사업,대한항공,HL7584,A330-300,338,00.05.15,26,00.05.31,276,215.28ton,김포공항,구매,A333,333
2,국제항공운송사업,대한항공,HL7573,B777-300,27952,00.05.30,26,00.06.27,338,272.97ton,인천국제공항,구매,B773,773
3,국제항공운송사업,대한항공,HL7585,A330-300,350,00.07.06,26,00.07.26,276,215.28ton,김포공항,구매,A333,333
4,국제항공운송사업,대한항공,HL7586,A330-300,351,00.07.21,26,00.08.10,276,215.28ton,김포공항,구매,A333,333
5,국제항공운송사업,대한항공,HL7587,A330-300,368,00.11.08,25,00.11.29,276,215.28ton,제주공항,구매,A333,333
6,국제항공운송사업,대한항공,HL7702,A330-300,428,01.09.12,24,01.10.25,276,215.28ton,인천국제공항,구매,A333,333
7,국제항공운송사업,대한항공,HL7706,B737-900,29991,02.07.09,24,02.08.06,188,78.39ton,청주국제공항,구매,B739,739
8,국제항공운송사업,대한항공,HL7709,A330-300,484,02.07.02,24,02.08.08,276,215.28ton,인천국제공항,구매,A333,333
9,국제항공운송사업,대한항공,HL7707,B737-900,29992,02.07.12,24,02.09.10,188,78.39ton,제주국제공항,구매,B739,739
10,국제항공운송사업,대한항공,HL7710,A330-300,490,02.07.18,24,02.10.04,276,215.28ton,인천국제공항,구매,A333,333
11,국제항공운송사업,대한항공,HL7708,B737-900,29993,02.08.08,24,02.10.07,188,79.02ton,청주국제공항,구매,B739,739
12,국제항공운송사업,대한항공,HL7716,B737-900,29994,03.04.21,23,03.06.30,188,79.02ton,김포공항,구매,B739,739
13,국제항공운송사업,대한항공,HL7717,B737-900,29995,03.05.14,23,03.07.16,188,79.02ton,김포공항,구매,B739,739
14,국제항공운송사업,대한항공,HL7720,A330-300,550,03.08.07,23,03.10.15,276,217ton,인천국제공항,구매,A333,333
15,국제항공운송사업,대한항공,HL7725,B737-900,29999,04.05.11,22,04.06.09,188,79ton,김포공항,구매,B739,739
16,국제항공운송사업,대한항공,HL7601,B747-400F,33946,04.07.19,22,04.08.16,8,412.8ton,인천국제공항,구매,B744,74Y
17,국제항공운송사업,대한항공,HL7727,B737-900,30000,04.06.23,22,04.08.31,188,79ton,김포공항,구매,B739,739
18,국제항공운송사업,대한항공,HL7728,B737-900,30002,04.11.19,21,04.12.22,188,79ton,제주국제공항,구매,B739,739
19,국제항공운송사업,대한항공,HL7726,B737-900,30001,05.05.26,21,05.06.22,188,79ton,김포공항,구매,B739,739
20,국제항공운송사업,대한항공,HL7602,B747-400F,34301,05.10.07,20,05.10.30,8,412.8ton,인천국제공항,구매,B744,74Y
21,국제항공운송사업,대한항공,HL7603,B747-400F,34302,05.12.08,20,06.01.13,8,412.8ton,인천국제공항,구매,B744,74Y
22,국제항공운송사업,대한항공,HL7605,B747-400F,35526,06.05.31,20,06.06.30,8,412.8ton,인천국제공항,구매,B744,74Y
23,국제항공운송사업,대한항공,HL7765,B777-200,34212,08.03.29,18,08.05.14,261,292.56ton,김포공항,구매,B772,772
24,국제항공운송사업,대한항공,HL7782,B777-300ER,37643,09.04.19,17,09.05.27,291,344.74ton,인천국제공항,구매,B77W,77W
25,국제항공운송사업,대한항공,HL7783,B777-300ER,37644,09.07.19,17,09.08.30,291,344.74ton,인천국제공항,구매,B77W,77W
26,항공기사용사업,대한항공,HL8201,C525,525-0686,09.08.28,17,09.09.17,3,4.491ton,제주비행훈련원,구매,C525,
27,항공기사용사업,대한항공,HL8202,C525,525-0691,09.08.27,17,09.09.17,3,4.853ton,제주비행훈련원,구매,C525,
28,국제항공운송사업,대한항공,HL8208,B777-300ER,37645,10.04.13,16,10.05.10,291,344.74ton,인천국제공항,구매,B77W,77W
29,국제항공운송사업,대한항공,HL8209,B777-300ER,37646,10.05.16,16,10.06.09,291,344.74ton,인천국제공항,구매,B77W,77W
30,국제항공운송사업,대한항공,HL8210,B777-300ER,40377,10.06.23,16,10.07.16,291,344.74ton,인천국제공항,구매,B77W,77W
31,국제항공운송사업,대한항공,HL8216,B777-300ER,37647,11.04.21,15,11.05.18,291,344.74ton,인천국제공항,구매,B77W,77W
32,국제항공운송사업,대한항공,HL8217,B777-300ER,37648,11.05.15,15,11.06.07,291,344.74ton,제주국제공항,구매,B77W,77W
33,국제항공운송사업,대한항공,HL8221,B737-900ER,37633,11.04.22,15,11.06.14,159,81.87ton,제주국제공항,구매,B739,73R
34,국제항공운송사업,대한항공,HL8223,B737-900ER,37634,11.06.08,15,11.06.28,159,81.87ton,제주국제공항,구매,B739,73R
35,소형항공기운송사업,대한항공,HL8230,BD-700-1A10,9384,10.03.09,16,11.08.26,13,45132kg,인천국제공항,구매,BD10,
36,국제항공운송사업,대한항공,HL8240,B737-800,39447,11.09.14,14,11.10.07,138,79.0ton,제주국제공항,임차,B738,738
37,국제항공운송사업,대한항공,HL8218,B777-300ER,37649,11.10.26,14,11.11.21,291,344.74ton,인천국제공항,구매,B77W,77W
38,국제항공운송사업,대한항공,HL8241,B737-800,38129,11.11.07,14,11.11.30,138,79.0ton,제주국제공항,임차,B738,738
39,국제항공운송사업,대한항공,HL7609,B747-8F,37132,12.01.10,14,12.02.06,8,442.2ton,인천국제공항,임구,B748,74H
40,국제항공운송사업,대한항공,HL8251,B777F,37639,12.01.10,14,12.02.06,8,347.8ton,인천국제공항,임구,B77L,77L
41,국제항공운송사업,대한항공,HL8248,B737-900ER,37635,12.05.05,14,12.05.18,159,81.64ton,청주국제공항,구매,B739,73R
42,국제항공운송사업,대한항공,HL8249,B737-900ER,37636,12.06.07,14,12.06.25,159,81.64ton,청주국제공항,구매,B739,73R
43,국제항공운송사업,대한항공,HL8250,B777-300ER,37650,12.06.04,14,12.06.25,291,344.74ton,제주국제공항,임구,B77W,77W
44,국제항공운송사업,대한항공,HL8252,B777F,37638,12.06.24,14,12.06.29,8,347.8ton,제주국제공항,임구,B77L,77L
45,국제항공운송사업,대한항공,HL7610,B747-8F,37133,12.08.18,14,12.09.04,8,442.2ton,인천국제공항,임구,B748,74H
46,국제항공운송사업,대한항공,HL7619,A380-800,0096,12.06.27,14,12.12.10,407,560ton,인천국제공항,임구,A388,388
47,국제항공운송사업,대한항공,HL8226,B777F,37640,13.01.17,13,13.02.25,8,347.8ton,인천국제공항,임구,B77L,77L
48,국제항공운송사업,대한항공,HL8274,B777-300ER,41998,13.02.09,13,13.02.28,291,344.74ton,인천국제공항,임구,B77W,77W
49,국제항공운송사업,대한항공,HL7617,B747-8F,37654,13.03.15,13,13.03.28,,442.2ton,인천국제공항,임구,B748,74H
50,국제항공운송사업,대한항공,HL8272,B737-900ER,42173,13.05.09,13,13.05.24,159,81.64ton,김포공항,구매,B739,73R
51,국제항공운송사업,대한항공,HL8273,B737-900ER,42174,13.05.24,13,13.06.07,159,81.64ton,김포공항,구매,B739,73R
52,국제항공운송사업,대한항공,HL8275,B777-300ER,37651,13.05.24,13,13.06.11,291,344.74ton,김포공항,구매,B77W,77W
53,국제항공운송사업,대한항공,HL7621,A380-800,0126,13.01.24,13,13.08.28,407,560ton,청주국제공항,구매,A388,388
54,국제항공운송사업,대한항공,HL7622,A380-800,0128,13.03.20,13,13.10.25,407,560ton,청주국제공항,임구,A388,388
55,국제항공운송사업,대한항공,HL7624,B747-8F,37656,13.12.14,12,13.12.30,,447.69ton,인천국제공항,임구,B748,74H
56,국제항공운송사업,대한항공,HL8285,B777F,37641,14.01.13,12,14.02.24,,347.81ton,김포공항,임구,B77L,77L
57,국제항공운송사업,대한항공,HL7623,B747-8F,37655,14.02.21,12,14.03.14,,447.69ton,인천국제공항,임구,B748,74H
58,국제항공운송사업,대한항공,HL7627,A380-800,0130,14.02.12,12,14.06.27,407,560ton,청주국제공항,구매,A388,388
59,국제항공운송사업,대한항공,HL7628,A380-800,0156,14.03.05,12,14.07.28,407,560ton,청주국제공항,임구,A388,388
60,국제항공운송사업,대한항공,HL8001,A330-300,1556,14.09.10,11,14.09.29,272,230ton,김포공항,임구,A333,333
61,국제항공운송사업,대한항공,HL8002,A330-300,1576,14.10.31,11,14.11.28,272,230ton,김포공항,임구,A333,333
62,국제항공운송사업,대한항공,HL8003,A330-300,1590,14.12.04,11,14.12.22,272,230ton,김포공항,임구,A333,333
63,국제항공운송사업,대한항공,HL8005,B777F,37642,15.02.05,11,15.02.24,,347.81ton,김포공항,임구,B77L,77L
64,국제항공운송사업,대한항공,HL8025,A330-300,1611,15.02.16,11,15.03.27,272,230ton,김포공항,임구,A333,333
65,국제항공운송사업,대한항공,HL8010,B777-300ER,42120,15.04.08,11,15.04.29,277,344.74ton,김포공항,임차,B77W,77W
66,국제항공운송사업,대한항공,HL8011,B777-300ER,42123,15.05.07,11,15.05.29,277,344.74ton,김포공항,임차,B77W,77W
67,국제항공운송사업,대한항공,HL8026,A330-300,1638,15.06.10,11,15.06.24,272,230ton,김포공항,임구,A333,333
68,국제항공운송사업,대한항공,HL7629,B747-8F,37657,15.06.10,11,15.06.30,,447.69ton,청주국제공항,임구,B748,74H
69,국제항공운송사업,대한항공,HL8006,B777-300ER,37652,15.06.24,11,15.07.23,277,344.74ton,제주국제공항,임구,B77W,77W
70,국제항공운송사업,대한항공,HL8007,B777-300ER,43815,15.07.27,11,15.08.11,277,344.74ton,인천국제공항,임구,B77W,77W
71,국제항공운송사업,대한항공,HL8027,A330-300,1647,15.08.20,11,15.08.31,272,230ton,김포공항,임구,A333,333
72,국제항공운송사업,대한항공,HL8008,B777-300ER,43816,15.09.18,10,15.09.30,277,344.73ton,김포공항,구매,B77W,77W
73,국제항공운송사업,대한항공,HL8009,B777-300ER,41999,15.12.05,10,15.12.23,277,344.73ton,김포공항,임구,B77W,77W
74,국제항공운송사업,대한항공,HL7638,B747-8,60408,16.04.26,10,16.05.26,368,447.69ton,청주국제공항,임구,B748,748
75,국제항공운송사업,대한항공,HL8041,B777-300ER,60375,16.05.16,10,16.05.27,277,344.73ton,김포공항,임구,B77W,77W
76,국제항공운송사업,대한항공,HL8075,B777F,62631,16.01.27,10,16.06.24,,347.81ton,김포공항,임차,B77L,77L
77,국제항공운송사업,대한항공,HL7637,B747-8,40909,16.06.02,10,16.06.27,368,447.69ton,청주국제공항,임구,B748,748
78,국제항공운송사업,대한항공,HL8042,B777-300ER,60376,16.06.02,10,16.06.28,277,344.73ton,김포공항,임구,B77W,77W
79,소형항공기운송사업,대한항공,HL8068,GVI,6199,16.03.29,10,16.08.23,13,46992kg,김포공항,임구,G650,
80,국제항공운송사업,대한항공,HL8043,B777F,62693,16.08.14,10,16.08.31,,347.81ton,김포공항,임차,B77L,77L
81,국제항공운송사업,대한항공,HL8044,B777F,62694,16.09.19,9,16.09.19,,347.81ton,김포공항,임차,B77L,77L
82,국제항공운송사업,대한항공,HL8076,B777F,62632,16.09.23,9,16.10.28,,347.81ton,김포공항,임차,B77L,77L
83,국제항공운송사업,대한항공,HL8045,B777F,62695,16.10.21,9,16.10.31,,347.81ton,김포공항,임차,B77L,77L
84,국제항공운송사업,대한항공,HL8046,B777F,62696,16.11.23,9,16.12.19,,347.81ton,김포공항,임차,B77L,77L
85,국제항공운송사업,대한항공,HL7639,B747-8F,37653,16.07.15,10,16.12.29,,447.69ton,청주국제공항,임구,B748,74H
86,국제항공운송사업,대한항공,HL8081,B787-9,34810,17.01.25,9,17.02.22,269,557000lbs,김포공항,임구,B789,789
87,국제항공운송사업,대한항공,HL8082,B787-9,34811,17.03.30,9,17.04.25,269,557000lbs,제주국제공항,임구,B789,789
88,국제항공운송사업,대한항공,HL7642,B747-8,60409,17.03.19,9,17.04.27,368,447.69ton,김포공항,임구,B748,748
89,국제항공운송사업,대한항공,HL7643,B747-8,60410,17.04.28,9,17.05.23,368,447.69ton,청주국제공항,구매,B748,748
90,국제항공운송사업,대한항공,HL8083,B787-9,34812,17.06.27,9,17.07.12,269,545000lbs,청주국제공항,임구,B789,789
91,국제항공운송사업,대한항공,HL7644,B747-8,60411,17.06.23,9,17.07.31,368,447.69ton,김포공항,구매,B748,748
92,국제항공운송사업,대한항공,HL8084,B787-9,34813,17.08.29,8,17.09.07,269,557000lbs,제주국제공항,임차,B789,789
93,국제항공운송사업,대한항공,HL8077,B777F,62697,17.10.04,8,17.10.16,,347.81ton,제주국제공항,임차,B77L,77L
94,국제항공운송사업,대한항공,HL8085,B787-9,34814,17.12.09,8,17.12.20,269,557000lbs,제주국제공항,임차,B789,789
95,국제항공운송사업,대한항공,HL8092,A220-300,55018,17.10.02,8,17.12.22,127,67585kg,청주국제공항,임구,BCS3,223
96,국제항공운송사업,대한항공,HL8093,A220-300,55019,17.11.07,8,17.12.29,127,67585kg,김포공항,임구,BCS3,223
97,국제항공운송사업,대한항공,HL7202,B777-300ER,60377,18.01.16,8,18.02.06,277,344.73ton,청주국제공항,임구,B77W,77W
98,국제항공운송사업,대한항공,HL7200,A220-300,55022,18.01.25,8,18.03.13,127,67585kg,제주국제공항,임차,BCS3,223
99,국제항공운송사업,대한항공,HL7203,B777-300ER,60378,18.02.06,8,18.03.20,277,344.73ton,김포공항,구매,B77W,77W
100,국제항공운송사업,대한항공,HL7201,A220-300,55024,18.03.25,8,18.03.29,127,67585kg,청주국제공항,임구,BCS3,223
101,국제항공운송사업,대한항공,HL7204,B777-300ER,60380,18.03.10,8,18.03.30,277,344.73ton,제주국제공항,구매,B77W,77W
102,국제항공운송사업,대한항공,HL7205,B777-300ER,60379,18.05.19,8,18.05.30,277,344.73ton,청주국제공항,임구,B77W,77W
103,국제항공운송사업,대한항공,HL8313,A220-300,55031,18.05.15,8,18.05.31,127,67585kg,청주국제공항,임구,BCS3,223
104,국제항공운송사업,대한항공,HL7206,B787-9,34815,18.05.22,8,18.06.14,269,557000lbs,김포공항,임구,B789,789
105,국제항공운송사업,대한항공,HL8311,A220-300,55026,18.06.17,8,18.07.09,127,67585kg,김포공항,임구,BCS3,223
106,국제항공운송사업,대한항공,HL7207,B787-9,34816,18.07.13,8,18.07.25,269,557000lbs,제주공항,구매,B789,789
107,국제항공운송사업,대한항공,HL8312,A220-300,55028,18.07.18,8,18.08.10,127,67585kg,제주국제공항,임구,BCS3,223
108,국제항공운송사업,대한항공,HL7208,B787-9,34817,18.09.09,7,18.09.20,269,557000lbs,청주국제공항,임구,B789,789
109,국제항공운송사업,대한항공,HL8314,A220-300,55035,18.08.27,7,18.09.28,127,67585kg,인천국제공항,임구,BCS3,223
110,국제항공운송사업,대한항공,HL7209,B787-9,34818,18.12.12,7,18.12.19,269,557000lbs,김포공항,임구,B789,789
111,국제항공운송사업,대한항공,HL8315,A220-300,55037,18.11.30,7,18.12.20,127,67585kg,김포공항,임구,BCS3,223
112,국제항공운송사업,대한항공,HL8091,A220-300,55049,19.01.21,7,19.02.28,127,67585kg,제주국제공항,임구,BCS3,223
113,국제항공운송사업,대한항공,HL8345,B787-9,34819,19.02.19,7,19.03.12,269,557000lbs,제주공항,임구,B789,789
114,국제항공운송사업,대한항공,HL8346,B777-300ER,63434,19.04.21,7,19.05.14,277,344.73ton,청주국제공항,구매,B77W,77W
115,국제항공운송사업,대한항공,HL8347,B777-300ER,63435,19.06.20,7,19.06.28,277,251.29ton,김포공항,구매,B77W,77W
116,국제항공운송사업,대한항공,HL7701,A330-300,425,01.09.03,24,21.01.22,276,230ton,청주국제공항,구매,A333,333
117,국제항공운송사업,대한항공,HL8348,B737-8,63436,19.04.18,7,22.02.11,140,72303kg,제주국제공항,임구,B38M,7M8
118,국제항공운송사업,대한항공,HL8349,B737-8,63437,19.06.04,7,22.03.22,140,72303kg,제주국제공항,임구,B38M,7M8
119,국제항공운송사업,대한항공,HL8350,B737-8,63438,19.07.20,7,22.05.02,140,72303kg,제주공항,임구,B38M,7M8
120,소형항공기운송사업,대한항공,HL8508,B787-8,41987,15.02.19,11,22.06.10,39,219.5ton,제주공항,구매,B788,788
121,국제항공운송사업,대한항공,HL8352,B737-8,63440,19.11.23,6,22.07.26,140,72303kg,제주공항,임구,B38M,7M8
122,국제항공운송사업,대한항공,HL8351,B737-8,63439,19.08.23,7,22.08.30,140,72303kg,제주공항,임차,B38M,7M8
123,국제항공운송사업,대한항공,HL8505,A321-200 NEO,10977,22.10.06,3,22.10.25,182,89ton,제주공항,구매,A21N,32Q
124,국제항공운송사업,대한항공,HL8506,A321-200 NEO,11094,22.12.08,3,23.01.10,182,89ton,제주국제공항,임구,A21N,32Q
125,국제항공운송사업,대한항공,HL8509,A321-200 NEO,11191,23.02.07,3,23.02.21,182,89ton,제주국제공항,구매,A21N,32Q
126,국제항공운송사업,대한항공,HL8528,A321-200 NEO,11290,23.03.28,3,23.04.17,182,89ton,제주국제공항,임구,A21N,32Q
127,국제항공운송사업,대한항공,HL8529,A321-200 NEO,11296,23.04.24,3,23.06.12,182,89ton,제주국제공항,임구,A21N,32Q
128,국제항공운송사업,대한항공,HL8530,A321-200 NEO,11405,23.07.12,3,23.07.21,182,89ton,제주국제공항,임구,A21N,32Q
129,국제항공운송사업,대한항공,HL8531,A321-200 NEO,11528,23.10.11,2,23.10.11,182,89ton,제주국제공항,구매,A21N,32Q
130,국제항공운송사업,대한항공,HL8390,B787-9,37388,23.10.23,2,23.10.23,278,545000lbs,제주국제공항,임구,B789,789
131,국제항공운송사업,대한항공,HL8532,A321-200 NEO,11565,23.10.30,2,23.10.30,182,89ton,제주국제공항,구매,A21N,32Q
132,국제항공운송사업,대한항공,HL8556,A321-200 NEO,11444,23.11.22,2,23.11.22,182,89ton,제주국제공항,구매,A21N,32Q
133,국제항공운송사업,대한항공,HL8391,B787-9,37389,23.12.27,2,23.12.27,278,545000lbs,제주국제공항,임구,B789,789
134,국제항공운송사업,대한항공,HL8393,B787-9,35168,24.02.08,2,24.02.23,278,545000lbs,제주국제공항,임구,B789,789
135,국제항공운송사업,대한항공,HL8557,A321-200 NEO,11497,24.04.23,2,24.04.23,182,89ton,제주국제공항,임구,A21N,32Q
136,국제항공운송사업,대한항공,HL8558,A321-200 NEO,11588,24.06.20,2,24.06.20,182,89ton,제주국제공항,구매,A21N,32Q
137,국제항공운송사업,대한항공,HL8515,B787-10,66878,24.07.19,2,24.07.19,325,254012kg,제주국제공항,임구,B78X,78J
138,국제항공운송사업,대한항공,HL8535,B787-10,60300,24.08.06,2,24.08.06,325,254012kg,청주국제공항,임차,B78X,78J
139,국제항공운송사업,대한항공,HL8559,A321-200 NEO,11848,24.08.27,1,24.08.27,182,89000kg,제주국제공항,임구,A21N,32Q
140,국제항공운송사업,대한항공,HL8536,B787-10,60301,24.09.30,1,24.09.30,325,254012kg,청주국제공항,임차,B78X,78J
141,국제항공운송사업,대한항공,HL8573,B787-10,60306,24.10.31,1,24.10.31,325,254012kg,청주국제공항,임차,B78X,78J
142,국제항공운송사업,대한항공,HL8589,A321-200 NEO,12021,24.11.14,1,24.11.14,182,89000kg,제주국제공항,임구,A21N,32Q
143,국제항공운송사업,대한항공,HL8537,B787-10,60302,24.12.05,1,24.12.05,325,254012kg,청주국제공항,임차,B78X,78J
144,국제항공운송사업,대한항공,HL8590,A321-200 NEO,12111,24.12.09,1,24.12.09,182,89000kg,제주국제공항,임구,A21N,32Q
145,국제항공운송사업,대한항공,HL8591,A321-200 NEO,12134,24.12.17,1,24.12.17,182,89000kg,제주국제공항,임구,A21N,32Q
146,국제항공운송사업,대한항공,HL8598,A350-900,MSN689,24.12.27,1,24.12.27,311,268000kg,제주국제공항,임구,A359,359
147,국제항공운송사업,대한항공,HL8597,A350-900,MSN681,24.12.30,1,24.12.30,311,268000kg,제주국제공항,임구,A359,359
148,국제항공운송사업,대한항공,HL8566,B737-8,63448,25.01.09,1,25.01.09,189,82190kg,제주국제공항,구매,B38M,7M8
149,국제항공운송사업,대한항공,HL8392,B787-9,37390,25.01.17,1,25.01.17,278,247208kg,제주국제공항,임구,B789,789
150,국제항공운송사업,대한항공,HL8572,B787-10,60304,25.02.28,1,25.02.28,325,254012kg,청주국제공항,임차,B78X,78J
151,국제항공운송사업,대한항공,HL8538,B787-10,60303,25.04.01,1,25.04.02,325,254012kg,청주국제공항,임차,B78X,78J
152,국제항공운송사업,대한항공,HL8710,A321-200 NEO,12353,25.04.16,1,25.04.16,182,89000kg,제주국제공항,임구,A21N,32Q
153,국제항공운송사업,대한항공,HL8570,B787-10,66879,25.04.30,1,25.05.01,325,254012kg,제주국제공항,임구,B78X,78J
154,국제항공운송사업,대한항공,HL8574,B787-10,60307,25.06.19,1,25.06.24,325,254012kg,청주국제공항,임차,B78X,78J
155,국제항공운송사업,대한항공,HL8571,B787-10,66881,25.07.03,1,25.07.04,325,254012kg,제주국제공항,임구,B78X,78J
156,국제항공운송사업,대한항공,HL8567,B737-8,63449,25.09.16,0,25.09.17,158,72303kg,제주국제공항,임구,B38M,7M8
157,국제항공운송사업,대한항공,HL8711,A321-200 NEO,12691,25.09.26,0,25.09.29,182,89000kg,제주국제공항,임구,A21N,32Q
158,국제항공운송사업,대한항공,HL8732,B787-10,66883,25.10.15,0,25.10.16,325,254012kg,제주국제공항,임구,B78X,78J
159,국제항공운송사업,대한항공,HL8712,A321-200 NEO,12849,25.11.04,0,25.11.05,182,89000kg,제주국제공항,구매,A21N,32Q
160,국제항공운송사업,대한항공,HL8575,B787-10,60308,25.11.12,0,25.11.13,325,254012kg,김해공항,임차,B78X,78J
161,국제항공운송사업,대한항공,HL8576,B787-10,60309,25.12.04,0,25.12.05,325,254012kg,김해공항,임구,B78X,78J
162,국제항공운송사업,대한항공,HL8713,A321-200 NEO,12952,25.12.06,0,25.12.08,182,89000kg,제주국제공항,임차,A21N,32Q
163,국제항공운송사업,대한항공,HL8577,B787-10,60310,26.01.07,0,26.01.08,325,254012kg,김해공항,임차,B78X,78J
164,소형항공기운송사업,대한항공,HL8745,GVIII-G800,88021,26.02.26,0,26.03.03,13,47899kg,인천국제공항,구매,G800,
165,국제항공운송사업,대한항공,HL8746,A350-900,771,26.03.05,0,26.03.05,311,268000kg,인천국제공항,임구,A359,359
166,국제항공운송사업,대한항공,HL8733,B787-10,66884,26.03.23,0,26.03.24,325,254012kg,인천국제공항,임구,B78X,78J
167,국제항공운송사업,대한항공,HL8747,A321-200 NEO,13119,26.04.02,0,26.04.02,182,89000kg,제주국제공항,구매,A21N,32Q
168,국제항공운송사업,대한항공,HL8734,B787-10,66885,26.04.29,0,26.04.30,325,254012kg,제주국제공항,구매,B78X,78J
169,국제항공운송사업,대한항공,HL8735,B787-10,66886,26.07.20,0,26.07.21,325,254012kg,제주국제공항,임구,B78X,78J
170,국제항공운송사업,대한항공,HL7553,A330-300,267,99.04.16,27,99.06.04,276,215.28ton,인천국제공항,구매,A333,333
171,국제항공운송사업,대한항공,HL7532,B777-300,28371,98.08.13,28,99.08.12,338,272.97ton,인천국제공항,구매,B773,773
172,국제항공운송사업,대한항공,HL7533,B777-300,27948,98.10.21,27,99.08.12,338,272.97ton,인천국제공항,구매,B773,773
173,국제항공운송사업,대한항공,HL7554,A330-300,256,99.01.04,27,99.08.30,276,215.28ton,김포공항,구매,A333,333
174,국제항공운송사업,대한항공,HL7534,B777-300,27950,98.01.04,28,99.12.28,338,272.97ton,인천국제공항,구매,B773,773
1,항공기사용사업,대한항업 주식회사,HL5112,C-208B,208b1131,05.05.26,21,07.08.28,14,3.969ton,김포공항,임차,C208,CN1
1,항공기사용사업,동광지엔티,HL1076,TU-206G,U20606801,83.11.18,42,04.08.25,6,1.633ton,김포공항,구매,C206,
2,항공기사용사업,동광지엔티,HL1277,T-206H,T20608366,02.05.22,24,18.05.28,6,1710kg,김포공항,구매,C206,
1,항공기사용사업,명화지리정보(주),HL5263,E90,LW-168,76.01.14,50,25.01.09,6,4581kg,김포공항,구매,E90,
1,항공기사용사업,모아소프트,HL1116,C-172R,17280718,99.06.08,27,10.06.23,4,1.111ton,울진비행장,구매,C172,CN1
1,국가기관,부산광역시,HL9499,AW139,41533,18.02.06,8,18.03.30,14,7000kg,부산시 해운대,구매,A139,
2,국가기관,부산광역시,HL9694,AW139,32032,23.10.31,2,23.12.26,14,7000kg,부산시 해운대,구매,A139,
1,국가기관,비행점검센터,HL7778,HAWKER 750,HB-74,11.12.07,14,13.03.25,8,12247kg,김포공항,구매,H25B,H25
2,국가기관,비행점검센터,HL7779,EMB-550,55020153,22.05.23,4,23.10.10,8,19440kg,김포공항,구매,E550,
3,국가기관,비행점검센터,HL7577,CL-600-2B16,5182,95.06.13,31,96.09.05,11,20.460ton,김포공항,구매,CL60,CCJ
1,국가기관,산림청,HL9176,BELL206L-3,51241,98.03.10,28,07.11.29,7,1.882ton,충남 청양,구매,B06T,
2,국가기관,산림청,HL9177,BELL206L-3,51242,88.04.21,38,07.11.29,7,1.882ton,충남 청양군 남양면 돌보길 228 청양산림항공관리소,구매,B06T,
3,국가기관,산림청,HL9178,BELL206L-3,51363,90.06.21,36,07.11.29,7,1.882ton,경북 안동시 바람이길 215 안동산림항공관리소,구매,B06T,
4,국가기관,산림청,HL9179,BELL206L-3,51563,92.03.26,34,07.11.29,7,1.882ton,경남 양산,구매,B06T,
5,국가기관,산림청,HL9180,BELL206L-3,51564,92.03.25,34,07.11.29,7,1.882ton,충남 청양군 남양면 돌보길 228 청양산림항공관리소,구매,B06T,
6,국가기관,산림청,HL9181,AS-350B2,2686,92.11.12,33,07.11.29,6,2.250ton,강원도 원주시 지정면 구재로 229,구매,AS50,
7,국가기관,산림청,HL9183,AS-350B2,2688,93.02.12,33,07.11.29,6,2.25ton,전남 영암군 덕진면 소방항공대길 95 영암산림항공관리소,구매,AS50,
8,국가기관,산림청,HL9409,KA-32T,9007,93.01.30,33,07.11.29,18,11ton,충남 청양,구매,KA32,
9,국가기관,산림청,HL9410,KA-32T,9008,93.01.30,33,07.11.29,18,11ton,경북 안동시 바람이길 215 안동산림항공관리소,구매,KA32,
10,국가기관,산림청,HL9411,KA-32T,9201,95.03.02,31,07.11.29,18,11ton,경남 함양,구매,KA32,
11,국가기관,산림청,HL9412,KA-32T,9202,05.03.02,21,07.11.29,18,11ton,강원도 강릉시 공항길 142-10,구매,KA32,
12,국가기관,산림청,HL9414,KA-32T,9203,95.03.27,31,07.11.29,18,11ton,강원도 원주시 태장동,구매,KA32,
13,국가기관,산림청,HL9415,KA-32T,9010,93.04.14,33,07.11.29,18,11ton,경북 울진군 기성면 기성로 502 울진산림항공관리소,구매,KA32,
14,국가기관,산림청,HL9416,KA-32T,9205,96.05.14,30,07.11.29,18,11ton,경남 함양,구매,KA32,
15,국가기관,산림청,HL9417,KA-32T,9206,96.05.13,30,07.11.29,18,11ton,충북 진천,구매,KA32,
16,국가기관,산림청,HL9418,KA-32T,9604,97.09.30,28,07.11.29,18,11ton,전북 익산,구매,KA32,
17,국가기관,산림청,HL9420,KA-32T,9606,97.10.08,28,07.11.29,18,11ton,울진비행장,구매,KA32,
18,국가기관,산림청,HL9421,KA-32T,9607,97.12.02,28,07.11.29,18,11ton,강원도 원주시 지정면 구재로 229,구매,KA32,
19,국가기관,산림청,HL9422,KA-32T,9608,97.12.17,28,07.11.29,18,11ton,서울시 강서구 하늘길 84 서울산림항공관리소,구매,KA32,
20,국가기관,산림청,HL9423,KA-32T,9609,98.09.19,27,07.11.29,18,11ton,경북안동,구매,KA32,
21,국가기관,산림청,HL9424,KA-32T,9610,99.01.01,27,07.11.29,18,11ton,전남 영암,구매,KA32,
22,국가기관,산림청,HL9425,KA-32T,9612,99.01.06,27,07.11.29,18,11ton,충남 청양,구매,KA32,
23,국가기관,산림청,HL9426,KA-32T,9613,99.09.25,26,07.11.29,18,11ton,경남 양산,구매,KA32,
24,국가기관,산림청,HL9427,KA-32T,9614,99.09.26,26,07.11.29,18,11ton,충북 진천,구매,KA32,
25,국가기관,산림청,HL9428,KA-32T,9615,00.09.20,25,07.11.29,18,11ton,강릉,구매,KA32,
26,국가기관,산림청,HL9429,KA-32T,9616,00.09.29,25,07.11.29,18,11ton,경남 양산,구매,KA32,
27,국가기관,산림청,HL9430,KA-32T,9619,01.10.29,24,07.11.29,18,11ton,서울시 강서구 하늘길 84 서울산림항공관리소,구매,KA32,
28,국가기관,산림청,HL9431,KA-32T,9620,01.12.21,24,07.11.29,18,11ton,원주,구매,KA32,
29,국가기관,산림청,HL9432,KA-32T,9621,03.02.16,23,07.11.29,18,11ton,경북안동,구매,KA32,
30,국가기관,산림청,HL9433,KA-32T,9622,03.02.22,23,07.11.29,18,11ton,강원도 강릉시 공항길 142-10,구매,KA32,
31,국가기관,산림청,HL9434,KA-32T,9623,04.12.05,21,07.11.29,18,11ton,전북 익산,구매,KA32,
32,국가기관,산림청,HL9435,KA-32T,9627,05.10.04,20,07.11.29,18,11ton,강원도 원주시 지정면 구재로 229,구매,KA32,
33,국가기관,산림청,HL9436,KA-32T,9711,06.03.28,20,07.11.29,18,11ton,전남 영암군 덕진면 소방항공대길 95 영암산림항공관리소,구매,KA32,
34,국가기관,산림청,HL9437,KA-32A,9802,06.11.29,19,07.11.29,18,11ton,경남 함양,구매,KA27,
35,국가기관,산림청,HL9442,S-64E,64019,01.12.19,24,07.11.29,5,19.051ton,충북 진천군 문백면 파재로 184-37 진천산림항공관리소,구매,S64,
36,국가기관,산림청,HL9443,S-64E,64038,06.08.10,20,07.11.29,5,64038ton,전라북도 익산시 왕궁면 우주로 433-9,구매,S64,
37,국가기관,산림청,HL9444,S-64E,64027,07.06.30,19,07.11.29,5,19.051ton,충북 진천군 문백면 파재로 184-37 진천산림항공관리소,구매,S64,
38,국가기관,산림청,HL9481,KA-32A,9821,08.12.27,17,09.01.20,16,11ton,강원특별자치도 철원군 김화읍 청양리 556-2,구매,KA27,
39,국가기관,산림청,HL9486,KA-32A,9822,09.12.10,16,09.12.28,16,11ton,강원특별자치도 철원군 김화읍 청양리 556-2,구매,KA27,
40,국가기관,산림청,HL9193,AS-350B2,7207,11.08.17,15,11.09.26,6,2250kg,제주도,구매,AS50,
41,국가기관,산림청,HL9305,BELL206L-3,51356,91.04.30,35,14.06.10,7,1882kg,경남 양산,구매,B06T,
42,국가기관,산림청,HL9306,BELL206L-3,51450,91.04.30,35,14.06.10,7,1882kg,경남 양산,구매,B06T,
43,국가기관,산림청,HL9632,KUH-1FS,KUH-1FS-17-001,18.03.26,8,18.04.05,12,8709kg,경북 함양군 유림면 천왕봉로 3076 함양산림항공관리소,구매,KUH1,
44,국가기관,산림청,HL9650,S-64E,64028,18.06.25,8,18.10.15,5,19051.2kg,강원도 원주시 지정면 구재로 229,구매,S64,
1,국가기관,산림항공본부,HL9659,S-64E,64043,19.10.08,6,19.11.26,5,19051.2kg,강원도 강릉시 공항길 142-10,구매,S64,
2,국가기관,산림항공본부,HL9660,S-64E,64025,19.11.01,6,19.12.26,5,19051.2kg,경북 울진군 기성면 기성로 502 울진산림항공관리소,구매,S64,
3,국가기관,산림항공본부,HL9689,S-64E,64042,22.10.05,3,22.11.18,5,19051.2kg,경북 안동시 바람이길 215 안동산림항공관리소,구매,S64,
4,국가기관,산림항공본부,HL9203,KUHC-1,KUHC-1-24-005,24.10.15,1,24.10.21,12,8709kg,서울시 강서구 하늘길 84 서울산림항공관리소,구매,KUH1,
5,국가기관,산림항공본부,HL9204,KUHC-1,KUHC-1-24-006,24.11.28,1,24.12.09,12,8709kg,서울시 강서구 하늘길 84 서울산림항공관리소,구매,KUH1,
1,항공기사용사업,삼부기술,HL1093,T-206H,T20608368,03.03.27,23,04.12.18,6,1.724ton,김포공항,구매,C206,
1,항공기사용사업,삼아항업,HL5116,C-208B,208B1122,05.04.07,21,09.02.10,11,3969kg,김포공항,구매,C208,CN1
1,항공기사용사업,새한항업(주),HL5113,C-208B,208B0949,02.04.19,24,07.10.01,11,4111kg,김포공항,구매,C208,CN1
1,항공기사용사업,샤프에비에이션케이,HL7214,C-525,525-0505,02.12.18,23,22.01.06,7,10600lbs,인천국제공항,구매,C525,
1,자가용,서**(930),HL1250,C23,M-1997,97.12.20,28,15.10.13,4,1111kg,김포공항,구매,C23,
1,항공기사용사업,서광항업(주),HL1300,T-206H,T20608279,01.03.27,25,23.10.17,6,3600lbs,여수공항,구매,C206,
1,국가기관,서울시,HL9447,AS-365N2,6518,97.07.10,29,07.11.23,14,4.25ton,김포공항,구매,AS65,
2,국가기관,서울시,HL9448,AS-365N2,6535,99.10.16,26,07.11.23,14,4.25ton,김포공항,구매,AS65,
3,국가기관,서울시,HL9639,AW189,49057,18.09.26,7,18.12.30,18,8600kg,김포공항,구매,A189,
1,소형항공기운송사업,섬에어,HL5264,ATR 72-212A,1745,25.12.29,0,25.12.30,72,23000kg,김포공항,임차,AT72,AT7
1,항공기사용사업,세진항공,HL9187,BELL206L-3,51440,91.04.30,35,07.11.15,7,1882kg,한서대학교 태안비행장,구매,B06T,
2,항공기사용사업,세진항공,HL9601,BO105 S,S-741,86.02.13,40,12.09.07,5,2500kg,한서대학교 태안비행장,구매,BO05,
3,항공기사용사업,세진항공,HL9602,BO105 S,S-12,71.09.21,54,13.01.02,5,2500kg,한서대학교 태안비행장,구매,BO05,
4,항공기사용사업,세진항공,HL9612,BO105 S,S-928,97.05.09,29,14.12.11,5,2500kg,한서대학교 태안비행장,구매,BO05,
5,항공기사용사업,세진항공,HL9618,BO105 S,S-13,71.09.28,54,15.12.04,5,2500kg,한서대학교 태안비행장,구매,BO05,
6,항공기사용사업,세진항공,HL9641,S-76A,760093,80.10.22,45,17.11.13,14,4899kg,한서대학교 태안비행장,구매,S76,S76
7,항공기사용사업,세진항공,HL9642,S-76A,760191,81.08.21,45,17.11.13,14,4899kg,한서대학교 태안비행장,구매,S76,S76
8,항공기사용사업,세진항공,HL9630,BO105 S,S-891,94.06.10,32,17.12.21,5,2500kg,한서대학교 태안비행장,구매,BO05,
9,항공기사용사업,세진항공,HL9647,S-76B,760413,93.04.27,33,18.10.15,14,5307kg,한서대학교 태안비행장,구매,S76,S76
10,항공기사용사업,세진항공,HL9671,S-76B,760349,89.06.17,37,21.02.04,14,5307kg,한서대학교 태안비행장,구매,S76,S76
1,항공기사용사업,스카이어드밴처,HL5111,C-208,20800328,00.07.28,26,00.11.16,10,3.628ton,김포공항,구매,C208,CN1
1,항공기사용사업,스타항공,HL9607,MI-2,548720064,84.06.28,42,13.08.27,9,3550kg,예천군 감천면,임차,MI2,
1,항공기사용사업,스페이스,HL2048,PA-31,31-7512047,75.06.26,51,21.05.13,7,3102kg,김포공항,구매,PA31,PA2
1,자가용,신성항공,HL9293,BK117,1005,84.02.09,42,06.08.11,8,2.850ton,한서대학교 태안비행장,구매,BK17,
1,항공기사용사업,신한항업,HL5117,C-208B,208B1123,05.04.18,21,09.07.17,11,3.969ton,김포공항,구매,C208,CN1
1,항공기사용사업,써니항공,HL5239,E90,LW-58,93.07.16,33,13.09.12,4,10100lbs,김포공항,구매,E90,
2,항공기사용사업,써니항공,HL2043,DA 42,42.AC094,07.11.01,18,15.07.14,4,1785kg,김포공항,구매,DA42,
3,항공기사용사업,써니항공,HL1249,C-172S,172S10340,06.10.23,19,16.09.02,4,2550lbs,김포공항,구매,C172,CN1
4,항공기사용사업,써니항공,HL5247,C90A,LJ-1257,91.04.10,35,24.07.30,6,4581kg,김포공항,임차,C90A,
5,항공기사용사업,써니항공,HL5248,C90A,LJ-1289,91.09.27,34,24.07.30,6,4581kg,김포공항,임차,C90A,
1,항공기사용사업,씨러스에비에이션(주),HL7100,SF50,0279,21.07.22,5,21.08.18,7,2722kg,김포공항,구매,SF50,
1,자가용,씨에이엠,HL1278,LAKE 250,86,88.11.17,37,18.01.12,6,3140lbs,김포공항,구매,LAK2,
1,항공기사용사업,아리울항공교육원(유),HL1121,C-152,15282097,78.08.14,48,10.01.07,2,1670lbs,강원도 양양,구매,C152,
1,항공기사용사업,아세아항측,HL2024,PA31-350,31-7852111,78.06.20,48,95.12.21,10,3.175ton,김포공항,구매,PA31,PA2
1,국제항공운송사업,아시아나항공,HL7700,B777-200,30859,02.05.08,24,02.05.24,294,293.9ton,김포공항,구매,B772,772
2,국제항공운송사업,아시아나항공,HL7732,B777-200,29174,04.05.20,22,04.05.27,294,293.9ton,인천국제공항,구매,B772,772
3,국제항공운송사업,아시아나항공,HL7740,A330-300,0676,05.05.31,21,05.07.13,290,230ton,제주국제공항,임차,A333,333
4,국제항공운송사업,아시아나항공,HL7741,A330-300,0708,05.11.12,20,05.12.12,290,230ton,제주국제공항,임차,A333,333
5,국제항공운송사업,아시아나항공,HL7746,A330-300,0772,06.06.02,20,06.07.12,290,176ton,김포공항,임차,A333,333
6,국제항공운송사업,아시아나항공,HL7747,A330-300,0803,06.11.15,19,06.12.18,290,230ton,김해공항,임차,A333,333
7,국제항공운송사업,아시아나항공,HL7755,B777-200,30861,07.06.14,19,07.06.28,295,286.9ton,제주국제공항,구매,B772,772
8,국제항공운송사업,아시아나항공,HL7754,A330-300,0845,07.06.20,19,07.07.11,290,195ton,인천국제공항,임차,A333,333
9,국제항공운송사업,아시아나항공,HL7756,B777-200,30860,07.08.20,19,07.08.28,295,286.9ton,김포공항,구매,B772,772
10,국제항공운송사업,아시아나항공,HL7775,B777-200,30862,08.11.14,17,08.11.25,262,297.6ton,김포공항,구매,B772,772
11,국제항공운송사업,아시아나항공,HL7792,A330-300,1001,09.03.05,17,09.04.23,290,195ton,김포공항,임차,A333,333
12,국제항공운송사업,아시아나항공,HL7793,A330-300,1055,09.09.10,16,09.10.27,290,195ton,제주국제공항,임차,A333,333
13,국제항공운송사업,아시아나항공,HL7791,B777-200,35525,10.03.08,16,10.03.29,262,297.6ton,김포공항,구매,B772,772
14,국제항공운송사업,아시아나항공,HL7794,A330-300,1151,10.08.31,15,10.09.27,275,233ton,인천국제공항,임차,A333,333
15,국제항공운송사업,아시아나항공,HL7795,A330-300,1211,11.02.25,15,11.03.23,275,233ton,제주국제공항,임차,A333,333
16,국제항공운송사업,아시아나항공,HL8258,A330-300,1326,12.06.11,14,12.07.03,275,235ton,광주공항,임차,A333,333
17,국제항공운송사업,아시아나항공,HL8254,B777-200,40198,12.06.19,14,12.07.18,246,297.6ton,인천국제공항,임구,B772,772
18,국제항공운송사업,아시아나항공,HL8259,A330-300,1340,12.07.24,14,12.09.12,275,235ton,인천국제공항,임차,A333,333
19,국제항공운송사업,아시아나항공,HL8277,A321-200,5462,13.01.30,13,13.02.06,171,89ton,인천국제공항,임차,A321,321
20,국제항공운송사업,아시아나항공,HL8278,A321-200,5500,13.02.22,13,13.03.11,171,89ton,제주국제공항,임차,A321,321
21,국제항공운송사업,아시아나항공,HL8279,A321-200,5636,13.05.21,13,13.06.03,171,89ton,인천국제공항,임차,A321,321
22,국제항공운송사업,아시아나항공,HL8282,A330-300,1435,13.06.24,13,13.07.15,290,230ton,인천국제공항,임차,A333,333
23,국제항공운송사업,아시아나항공,HL8284,B777-200,40199,13.07.17,13,13.07.26,246,297.6ton,김포공항,구매,B772,772
24,국제항공운송사업,아시아나항공,HL8286,A330-300,1464,13.10.22,12,13.11.13,290,230ton,김포공항,임차,A333,333
25,국제항공운송사업,아시아나항공,HL8293,A330-300,1518,14.03.28,12,14.04.17,290,230ton,김포공항,임차,A333,333
26,국제항공운송사업,아시아나항공,HL7625,A380-800,152,13.12.13,12,14.05.28,495,569ton,인천국제공항,임구,A388,388
27,국제항공운송사업,아시아나항공,HL7626,A380-800,155,14.02.25,12,14.07.24,495,569ton,인천국제공항,임구,A388,388
28,국제항공운송사업,아시아나항공,HL8004,A321-200,6299,14.09.26,11,14.10.01,171,89ton,제주국제공항,임차,A321,321
29,국제항공운송사업,아시아나항공,HL8018,A321-200,6395,14.12.17,11,14.12.22,171,89ton,제주국제공항,임차,A321,321
30,국제항공운송사업,아시아나항공,HL7634,A380-800,179,14.12.17,11,15.05.07,495,569ton,인천국제공항,임구,A388,388
31,국제항공운송사업,아시아나항공,HL7635,A380-800,183,15.02.10,11,15.06.08,495,569ton,인천국제공항,임구,A388,388
32,국제항공운송사업,아시아나항공,HL8038,A321-200,6768,15.09.08,10,15.09.17,171,89ton,김포공항,임차,A321,321
33,국제항공운송사업,아시아나항공,HL8039,A321-200,6796,15.10.01,10,15.10.07,171,89ton,김포공항,임차,A321,321
34,국제항공운송사업,아시아나항공,HL8059,A321-200,7052,16.04.08,10,16.04.18,171,89ton,김포공항,임차,A321,321
35,국제항공운송사업,아시아나항공,HL8060,A321-200,7133,16.05.20,10,16.05.30,171,89.0ton,김포공항,임차,A321,321
36,국제항공운송사업,아시아나항공,HL8071,A321-200,7266,16.08.09,10,16.08.17,171,89.0ton,김포공항,임차,A321,321
37,국제항공운송사업,아시아나항공,HL7640,A380-800,230,16.05.17,10,16.10.25,495,569ton,김포공항,임구,A388,388
38,국제항공운송사업,아시아나항공,HL8074,A321-200,7422,16.12.05,9,16.12.08,171,89ton,인천국제공항,임차,A321,321
39,국제항공운송사업,아시아나항공,HL7641,A380-800,0231,16.08.10,10,16.12.22,495,569ton,인천국제공항,임구,A388,388
40,국제항공운송사업,아시아나항공,HL8078,A350-900,0094,17.03.28,9,17.04.24,311,268ton,인천국제공항,임차,A359,359
41,국제항공운송사업,아시아나항공,HL8079,A350-900,0117,17.06.29,9,17.07.19,311,268ton,김포공항,임차,A359,359
42,국제항공운송사업,아시아나항공,HL7578,A350-900,0144,17.09.05,8,17.09.26,311,268ton,김포공항,임차,A359,359
43,국제항공운송사업,아시아나항공,HL7579,A350-900,0176,17.12.06,8,17.12.27,311,268ton,김포공항,임차,A359,359
44,국제항공운송사업,아시아나항공,HL7771,A350-900,0198,18.02.19,8,18.04.10,311,275ton,김포공항,임차,A359,359
45,국제항공운송사업,아시아나항공,HL8308,A350-900,0218,18.06.11,8,18.07.03,311,275ton,인천국제공항,임차,A359,359
46,국제항공운송사업,아시아나항공,HL8359,A350-900,0224,19.02.20,7,19.04.01,311,275ton,김포공항,임차,A359,359
47,국제항공운송사업,아시아나항공,HL8360,A350-900,0234,19.02.20,7,19.04.16,311,275ton,인천국제공항,임차,A359,359
48,국제항공운송사업,아시아나항공,HL8361,A350-900,0301,19.05.24,7,19.06.18,311,275ton,김포공항,임차,A359,359
49,국제항공운송사업,아시아나항공,HL8364,A321-200 NEO,8910,19.07.22,7,19.07.31,188,93.5ton,인천국제공항,임차,A21N,32Q
50,국제항공운송사업,아시아나항공,HL8362,A350-900,0335,19.09.23,6,19.10.15,311,275ton,청주국제공항,임차,A359,359
51,국제항공운송사업,아시아나항공,HL8381,A350-900,0387,20.01.10,6,20.02.03,311,275ton,김포공항,임차,A359,359
52,국제항공운송사업,아시아나항공,HL8382,A350-900,0389,20.02.11,6,20.11.24,311,275ton,청주국제공항,임차,A359,359
53,국제항공운송사업,아시아나항공,HL8371,A321-200 NEO,9226,20.03.25,6,20.11.26,188,93.5ton,청주국제공항,임차,A21N,32Q
54,국제항공운송사업,아시아나항공,HL8383,A350-900,0425,20.10.26,5,20.12.29,311,268ton,인천국제공항,임차,A359,359
55,국제항공운송사업,아시아나항공,HL8356,A321-200 NEO,10206,21.01.26,5,21.02.23,180,93.5ton,김포공항,임차,A21N,32Q
56,국제항공운송사업,아시아나항공,HL8398,A321-200 NEO,10457,21.05.18,5,21.05.31,180,93.5ton,인천국제공항,임차,A21N,32Q
57,국제항공운송사업,아시아나항공,HL8399,A321-200 NEO,10633,21.12.23,4,21.12.30,180,93.5ton,청주국제공항,임차,A21N,32Q
58,국제항공운송사업,아시아나항공,HL8510,A321-200 NEO,11075,22.11.25,3,22.12.14,188,93.5ton,제주공항,임구,A21N,32Q
59,국제항공운송사업,아시아나항공,HL8511,A321-200 NEO,11208,23.03.16,3,23.04.04,188,206132lbs,제주국제공항,임구,A21N,32Q
60,국제항공운송사업,아시아나항공,HL8521,A350-900,597,23.02.07,3,23.09.14,311,268ton,제주국제공항,임구,A359,359
61,국제항공운송사업,아시아나항공,HL8522,A350-900,602,23.09.27,2,23.10.19,311,590839lbs,제주국제공항,임구,A359,359
62,국제항공운송사업,아시아나항공,HL8534,A321-200 NEO,11610,23.12.01,2,23.12.13,188,206132lbs,제주국제공항,임구,A21N,32Q
63,국제항공운송사업,아시아나항공,HL8533,A321-200 NEO,11670,23.12.07,2,23.12.19,188,206132lbs,제주국제공항,임구,A21N,32Q
64,국제항공운송사업,아시아나항공,HL8582,A321-200 NEO,12059,24.05.14,2,24.06.13,188,206132lbs,제주국제공항,임구,A21N,32Q
65,국제항공운송사업,아시아나항공,HL8584,A321-200 NEO,12033,24.10.01,1,24.11.26,200,96500kg,제주국제공항,임차,A21N,32Q
66,국제항공운송사업,아시아나항공,HL8586,A321-200 NEO,12340,24.12.06,1,24.12.18,200,93500kg,제주국제공항,임구,A21N,32Q
67,국제항공운송사업,아시아나항공,HL8705,A321-200 NEO,12396,25.02.03,1,25.02.18,200,93500kg,제주국제공항,임구,A21N,32Q
1,자가용,안**(1202),HL6141,R-44Ⅱ,10387,04.06.04,22,04.09.13,4,1139kg,김포공항,구매,R44,
1,항공기사용사업,에스오씨항공비행교육,HL1154,C-172P,17274401,80.11.13,45,12.01.06,4,2400lbs,김포공항,구매,C172,CN1
2,항공기사용사업,에스오씨항공비행교육,HL1197,C-172R,17280561,98.08.11,28,14.06.02,4,1157.7kg,양양국제공항,구매,C172,CN1
3,항공기사용사업,에스오씨항공비행교육,HL1239,C-172R,17280597,98.10.05,27,15.06.29,4,2450lbs,양양공항,구매,C172,CN1
1,항공기사용사업,에어로드케이,HL9325,BELL-505,65079,18.03.23,8,25.08.04,5,1669kg,김포공항,구매,B505,
2,항공기사용사업,에어로드케이,HL9330,BELL-505,65703,25.12.16,0,26.01.06,5,1669kg,충남태안군남면,구매,B505,
1,항공기사용사업,에어로디제이컨설팅,HL1297,C-172S,172S10844,08.11.26,17,22.09.15,4,1156kg,김포공항,구매,C172,CN1
1,국제항공운송사업,에어로케이항공,HL8386,A320-200,4559,11.01.25,15,23.06.13,180,171960lbs,청주국제공항,임차,A320,320
2,국제항공운송사업,에어로케이항공,HL8540,A320-200,3136,07.04.18,19,23.06.20,180,169755lbs,청주국제공항,임차,A320,320
3,국제항공운송사업,에어로케이항공,HL8385,A320-200,4480,10.10.29,15,23.07.13,180,171960lbs,청주국제공항,임차,A320,320
4,국제항공운송사업,에어로케이항공,HL8562,A320-200,2620,05.10.11,20,23.11.10,180,169775lbs,청주국제공항,임차,A320,320
5,국제항공운송사업,에어로케이항공,HL8563,A320-200,2407,05.04.11,21,24.02.13,180,169775lbs,청주국제공항,임차,A320,320
6,국제항공운송사업,에어로케이항공,HL8595,A320-200,4346,10.07.06,16,24.10.08,180,75500kg,청주국제공항,임차,A320,320
7,국제항공운송사업,에어로케이항공,HL8596,A320-200,2612,05.12.05,20,25.02.17,180,166449lbs,청주국제공항,임차,A320,320
8,국제항공운송사업,에어로케이항공,HL8743,A320-200,6021,14.03.13,12,25.09.25,180,77000kg,청주국제공항,임차,A320,320
9,국제항공운송사업,에어로케이항공,HL8744,A320-200,6051,14.04.01,12,25.11.24,180,77000kg,청주국제공항,임차,A320,320
1,항공기사용사업,에어로피스,HL9275,S-61N,61736,74.11.14,51,06.10.30,39,9.977ton,김포산업단지,임차,S61,S61
2,항공기사용사업,에어로피스,HL9297,S-61N,61735,74.11.14,51,06.10.30,39,9.977ton,김포산업단지,임차,S61,S61
3,항공기사용사업,에어로피스,HL9454,BK117B-2,1115,97.04.23,29,07.12.06,10,3.35ton,경기도 김포시 대곶면 천호로 210,구매,BK17,
4,항공기사용사업,에어로피스,HL9478,S-61N,61033,61.02.01,65,08.11.14,39,9.977ton,김포산업단지,임차,S61,S61
5,항공기사용사업,에어로피스,HL9484,S-61N,61720,74.03.28,52,09.11.06,39,9.977ton,김포산업단지,임차,S61,S61
6,항공기사용사업,에어로피스,HL9620,AS-365N2,6528,97.10.02,28,16.12.02,13,4250kg,김포산업단지,구매,AS65,
1,국제항공운송사업,에어부산,HL7729,A321-200,2110,04.01.08,22,04.01.29,195,89.0ton,김해공항,임차,A321,321
2,국제항공운송사업,에어부산,HL7730,A321-200,2226,04.04.20,22,04.05.14,195,89.0ton,김해공항,임차,A321,321
3,국제항공운송사업,에어부산,HL7744,A320-200,2808,06.05.30,20,06.06.23,162,73.5ton,김해공항,임차,A320,320
4,국제항공운송사업,에어부산,HL7753,A320-200,2943,06.10.19,19,06.11.13,162,75.5ton,김해공항,임차,A320,320
5,국제항공운송사업,에어부산,HL8256,A321-200,5169,12.05.18,14,12.05.25,171,89ton,김해공항,임차,A321,321
6,국제항공운송사업,에어부산,HL8257,A321-200,5173,12.06.23,14,12.06.30,171,89ton,김해공항,임차,A321,321
7,국제항공운송사업,에어부산,HL8055,A320-200,2732,06.03.14,20,16.01.15,162,77.4ton,김해공항,임차,A320,320
8,국제항공운송사업,에어부산,HL7210,A321-200,7754,17.07.12,9,17.08.11,220,89ton,김해공항,임차,A321,321
9,국제항공운송사업,에어부산,HL8099,A321-200,7923,17.10.20,8,17.10.30,220,89ton,김해공항,임차,A321,321
10,국제항공운송사업,에어부산,HL7211,A321-200,7915,17.10.11,8,17.11.13,220,89ton,김해공항,임차,A321,321
11,국제항공운송사업,에어부산,HL8309,A320-200,4990,12.01.12,14,18.06.29,180,77ton,김해공항,임차,A320,320
12,국제항공운송사업,에어부산,HL8328,A320-200,5011,12.02.17,14,18.08.02,180,77ton,김해공항,임차,A320,320
13,국제항공운송사업,에어부산,HL8365,A321-200,3862,09.04.20,17,19.05.08,220,93ton,김해공항,임차,A321,321
14,국제항공운송사업,에어부산,HL8366,A321-200 NEO,9234,20.03.04,6,20.03.16,220,97ton,김해공항,임차,A21N,32Q
15,국제항공운송사업,에어부산,HL8394,A321-200 NEO,9289,20.05.15,6,20.05.28,220,97ton,김해공항,임차,A21N,32Q
16,국제항공운송사업,에어부산,HL8395,A321-200 NEO,10020,21.05.05,5,21.05.26,232,93.5ton,김해공항,임차,A21N,32Q
17,국제항공운송사업,에어부산,HL8357,A321-200 NEO,10412,21.10.19,4,21.10.29,232,93.5ton,김해공항,임차,A21N,32Q
18,국제항공운송사업,에어부산,HL8396,A321-200 NEO,10253,21.01.20,5,22.02.08,232,93.5ton,김해공항,임차,A21N,32Q
19,국제항공운송사업,에어부산,HL8504,A321-200 NEO,10877,22.06.10,4,22.07.06,232,93.5ton,김해공항,임차,A21N,32Q
20,국제항공운송사업,에어부산,HL8526,A321-200 NEO,11652,23.12.19,2,23.12.29,232,206132lbs,김해공항,임차,A21N,32Q
21,국제항공운송사업,에어부산,HL8525,A321-200 NEO,11687,24.02.12,2,24.02.28,232,206132lbs,김해공항,임차,A21N,32Q
1,국제항공운송사업,에어서울,HL7789,A321-200,4112,09.11.19,16,09.12.01,171,89ton,인천국제공항,임차,A321,321
2,국제항공운송사업,에어서울,HL7790,A321-200,4142,09.12.14,16,09.12.22,171,89ton,김포공항,임차,A321,321
3,국제항공운송사업,에어서울,HL8255,A321-200,5035,12.02.02,14,12.02.14,171,89ton,인천국제공항,임차,A321,321
4,국제항공운송사업,에어서울,HL8072,A321-200,2933,06.11.02,19,16.12.01,220,89ton,김해공항,임차,A321,321
5,국제항공운송사업,에어서울,HL8073,A321-200,2927,06.10.26,19,17.01.26,220,89ton,김해공항,임차,A321,321
6,국제항공운송사업,에어서울,HL7212,A321-200,7985,17.11.23,8,17.12.18,220,89ton,인천국제공항,임차,A321,321
1,국제항공운송사업,에어제타,HL7436,B747-400F,29170,02.05.01,24,02.05.23,8,394.6ton,인천국제공항,임차,B744,74Y
2,국제항공운송사업,에어제타,HL7616,B747-400F,33748,04.09.17,21,10.12.17,8,397ton,인천국제공항,임차,B744,74Y
3,국제항공운송사업,에어제타,HL7620,B747-400(BDSF),29375,99.09.07,26,12.06.28,8,397ton,인천국제공항,임차,B744,744
4,국제항공운송사업,에어제타,HL8338,B737-800,30501,00.07.28,26,21.02.19,5,79015kg,인천국제공항,임차,B738,738
5,국제항공운송사업,에어제타,HL8319,B737-800,29917,99.06.16,27,21.08.05,5,79015kg,인천국제공항,임차,B738,738
6,국제항공운송사업,에어제타,HL8503,B737-800,28535,00.04.12,26,21.10.14,5,79015kg,인천국제공항,임차,B738,738
7,국제항공운송사업,에어제타,HL8355,B737-800,32361,02.03.29,24,22.06.02,9,79015kg,인천국제공항,임차,B738,738
8,국제항공운송사업,에어제타,HL7646,B747-400F,30768,02.09.15,23,24.10.14,6,396893kg,제주국제공항,구매,B744,74Y
9,국제항공운송사업,에어제타,HL7645,B747-400F,30765,01.11.09,24,24.11.07,6,396893kg,제주국제공항,구매,B744,74Y
10,국제항공운송사업,에어제타,HL7417,B747-400(BDSF),25779,93.11.08,32,93.12.03,8,394.6ton,김포공항,구매,B744,744
11,국제항공운송사업,에어제타,HL7419,B747-400F,25781,94.10.13,31,94.11.04,8,394.6ton,김해공항,구매,B744,74Y
12,국제항공운송사업,에어제타,HL7420,B747-400F,25783,95.06.14,31,95.06.27,8,394.6ton,인천국제공항,구매,B744,74Y
13,국제항공운송사업,에어제타,HL7421,B747-400(BDSF),25784,96.08.07,30,96.08.16,264,394.6ton,김포공항,구매,B744,744
14,국제항공운송사업,에어제타,HL7507,B767-300F,25761,96.08.02,30,96.08.23,6,186.8ton,김포공항,구매,B763,76X
15,국제항공운송사업,에어제타,HL7423,B747-400(BDSF),25782,97.05.22,29,97.05.30,264,394.6ton,김포공항,구매,B744,744
1,항공기사용사업,에어팰리스,HL9645,S-61N,61740,75.02.28,51,17.12.19,28,22000lbs,김포공항,구매,S61,S61
2,항공기사용사업,에어팰리스,HL9651,S-61N,61766,77.04.13,49,18.11.22,28,20500lbs,김포공항,구매,S61,S61
3,항공기사용사업,에어팰리스,HL9667,S-76A++,760089,80.09.27,45,20.08.13,14,4898kg,김포공항,구매,S76,S76
4,항공기사용사업,에어팰리스,HL9668,S-76A++,760122,80.11.25,45,20.08.13,14,4898kg,김포공항,구매,S76,S76
5,항공기사용사업,에어팰리스,HL9674,S-76A,760113,81.01.31,45,21.06.25,14,4898kg,김포공항,구매,S76,S76
6,항공기사용사업,에어팰리스,HL9675,S-76A,760103,80.10.31,45,21.06.25,14,4898kg,김포공항,구매,S76,S76
7,항공기사용사업,에어팰리스,HL9681,S-61N,61493,72.09.30,53,21.10.05,28,20500lbs,김포공항,구매,S61,S61
8,항공기사용사업,에어팰리스,HL9403,S-76B,762976,95.05.31,31,25.08.28,14,5307kg,김포공항,구매,S76,S76
9,항공기사용사업,에어팰리스,HL9214,BK117B-1,1085,94.08.16,32,95.08.02,10,3.2ton,김포공항,구매,BK17,
1,소형항공기운송사업,에어포항,HL8298,CL-600-2B19,7834,03.08.27,23,18.01.08,50,23133kg,포항공항,구매,CRJ2,CR2
1,국제항공운송사업,에어프레미아,HL8387,B787-9,66407,20.07.31,6,21.03.31,309,247207kg,인천국제공항,임차,B789,789
2,국제항공운송사업,에어프레미아,HL8517,B787-9,63314,18.02.07,8,22.09.23,338,252650kg,인천국제공항,임차,B789,789
3,국제항공운송사업,에어프레미아,HL8388,B787-9,66409,20.09.25,5,22.10.06,309,247207kg,인천국제공항,임차,B789,789
4,국제항공운송사업,에어프레미아,HL8516,B787-9,63315,18.02.03,8,23.03.30,338,252650kg,인천국제공항,임차,B789,789
5,국제항공운송사업,에어프레미아,HL8389,B787-9,66816,23.04.19,3,23.05.26,309,247207kg,인천국제공항,임차,B789,789
6,국제항공운송사업,에어프레미아,HL8701,B787-9,37307,16.02.23,10,24.12.18,344,252650kg,인천국제공항,임차,B789,789
7,국제항공운송사업,에어프레미아,HL8702,B787-9,37308,16.04.13,10,25.03.25,344,250836kg,인천국제공항,임차,B789,789
8,국제항공운송사업,에어프레미아,HL8703,B787-9,62082,16.07.21,10,25.06.24,344,250836kg,인천국제공항,임차,B789,789
9,국제항공운송사업,에어프레미아,HL8704,B787-9,37931,16.10.19,9,25.12.19,326,250836kg,인천국제공항,임차,B789,789
1,자가용,에이스항공,HL5234,L410UVP-E20,072628,07.09.22,18,07.12.04,21,6.6ton,김해공항,구매,L410,
2,자가용,에이스항공,HL9402,SW-4,60.02.02,05.05.27,21,08.02.26,5,1.8ton,김포공항,구매,SW4,
1,항공기사용사업,엔에프에어 주식회사,HL1217,T-206H,T20609087,13.04.04,13,15.04.07,6,3792lbs,김포공항,구매,C206,
1,항공기사용사업,엘티메트릭,HL5218,E90,LW-329,79.11.19,46,21.08.25,6,4762kg,김포공항,구매,E90,
1,자가용,여**(1350),HL1108,M20R,29-0050,95.05.27,31,07.11.29,4,1.528ton,한서대학교 태안비행장,구매,M20P,
1,자가용,오**(1353),HL1276,C-152,152-85430,82.09.02,44,17.08.14,2,1670lbs,전남 영암군,구매,C152,
1,항공기사용사업,우리항공,HL9290,KA-32A,90-05/008,92.12.31,33,06.09.26,16,12.7ton,충북 단양군,구매,KA27,
2,항공기사용사업,우리항공,HL9613,S-76B,760346,88.02.15,38,15.03.16,2,11700lbs,김포산업단지,구매,S76,S76
3,항공기사용사업,우리항공,HL9634,S-76A++,760298,90.06.15,36,16.12.28,14,4898kg,김포산업단지,구매,S76,S76
4,항공기사용사업,우리항공,HL9652,S-61N,61721,74.06.07,52,21.06.01,26,9979kg,김포산업단지,구매,S61,S61
5,항공기사용사업,우리항공,HL9693,S-76C+,760436,95.08.25,31,23.01.17,12,11700lbs,김포산업단지,구매,S76,S76
6,항공기사용사업,우리항공,HL9696,S-61N,61488,71.08.05,55,23.11.14,,,김포산업단지,구매,S61,S61
7,항공기사용사업,우리항공,HL9207,S-61N,61489,71.11.04,54,24.09.13,26,9979kg,김포산업단지,구매,S61,S61
8,항공기사용사업,우리항공,HL9248,S-76B,760382,91.09.21,34,91.09.21,14,5.307ton,김포산업단지,구매,S76,S76
9,항공기사용사업,우리항공,HL9250,S-76B,760404,93.06.05,33,93.10.21,14,5.307ton,김포공항,구매,S76,S76
1,국가기관,울산광역시,HL9407,KA-32T,96-17,00.11.21,25,07.12.05,18,11ton,울산광역시 울주군,구매,KA32,
1,항공기사용사업,유비에어,HL9288,KA-32A,8710,92.02.10,34,05.10.07,15,11ton,대전 헬리코리아 헬기장,구매,KA27,
2,항공기사용사업,유비에어,HL9456,KA-32T,96-18,01.02.14,25,07.11.15,18,11ton,대전 헬리코리아 헬기장,구매,KA32,
3,항공기사용사업,유비에어,HL9406,KA-32A,55-03/014,86.09.30,39,08.02.18,15,11ton,헬리코리아 헬기장,구매,KA27,
1,항공기사용사업,유아이헬리제트,HL9615,AW109SP,22352,15.12.16,10,15.12.30,7,3175kg,충남 예산,구매,A109,
2,항공기사용사업,유아이헬리제트,HL9683,AW169,69048,17.04.20,9,21.11.29,12,4800kg,충남 예산군 삽교읍 효림송석길 275,임차,A169,
3,항공기사용사업,유아이헬리제트,HL9682,AW169,69038,17.08.31,8,22.01.24,12,4800kg,충남 예산군 삽교읍 효림송석길 275,구매,A169,
4,항공기사용사업,유아이헬리제트,HL9405,AW169,69195,26.04.07,0,26.06.18,6,4800kg,충남 예산군 삽교읍 효림송석길 275,임차,A169,
5,항공기사용사업,유아이헬리제트,HL9404,AW169,69190,26.04.07,0,26.06.22,6,4800kg,충남 예산군 삽교읍 효림송석길 275,구매,A169,
1,자가용,이**(1476),HL1102,P206E,P20600646,64.10.01,61,06.05.23,6,1.633ton,김포공항,구매,P206,
1,국제항공운송사업,이스타항공,HL8374,B737-800,36547,10.05.25,16,19.07.18,189,78.999ton,청주국제공항,임차,B738,738
2,국제항공운송사업,이스타항공,HL8375,B737-800,37886,10.10.04,15,19.08.28,189,78.999ton,청주국제공항,임차,B738,738
3,국제항공운송사업,이스타항공,HL8507,B737-800,36802,10.07.15,16,22.01.17,189,79015kg,김포공항,임차,B738,738
4,국제항공운송사업,이스타항공,HL8541,B737-8,62881,22.08.31,3,23.06.08,189,82644kg,군산공항,임차,B38M,7M8
5,국제항공운송사업,이스타항공,HL8545,B737-800,37364,13.10.09,12,23.07.18,189,79015kg,청주국제공항,임차,B738,738
6,국제항공운송사업,이스타항공,HL8542,B737-8,44304,23.03.15,3,23.08.01,189,82644kg,군산공항,임차,B38M,7M8
7,국제항공운송사업,이스타항공,HL8543,B737-8,44305,23.03.06,3,23.08.16,189,82644kg,군산공항,임차,B38M,7M8
8,국제항공운송사업,이스타항공,HL8544,B737-8,44308,23.03.24,3,23.09.06,189,82644kg,군산공항,임차,B38M,7M8
9,국제항공운송사업,이스타항공,HL8546,B737-800,41398,14.05.12,12,23.10.27,189,79015kg,청주국제공항,임차,B738,738
10,국제항공운송사업,이스타항공,HL8549,B737-800,41345,16.06.23,10,23.11.02,189,79015kg,청주국제공항,임차,B738,738
11,국제항공운송사업,이스타항공,HL8587,B737-800,36820,09.12.21,16,24.05.31,186,78999kg,군산공항,임차,B738,738
12,국제항공운송사업,이스타항공,HL8578,B737-800,35827,09.07.26,17,24.07.10,189,72500kg,군산공항,임차,B738,738
13,국제항공운송사업,이스타항공,HL8588,B737-800,39427,12.10.22,13,24.07.16,189,78999kg,군산공항,임차,B738,738
14,국제항공운송사업,이스타항공,HL8700,B737-800,42052,16.01.28,10,24.07.23,189,77000kg,군산공항,임차,B738,738
15,국제항공운송사업,이스타항공,HL8599,B737-8,43919,24.09.13,1,24.09.26,189,82190kg,군산공항,임차,B38M,7M8
16,국제항공운송사업,이스타항공,HL8715,B737-8,67921,25.07.28,1,25.07.29,189,82644kg,군산공항,임차,B38M,7M8
17,국제항공운송사업,이스타항공,HL8718,B737-8,67924,25.08.20,1,25.08.21,189,82644kg,김해공항,임차,B38M,7M8
18,국제항공운송사업,이스타항공,HL8716,B737-8,67922,25.08.28,0,25.09.04,189,82644kg,김해공항,임차,B38M,7M8
19,국제항공운송사업,이스타항공,HL8717,B737-8,67923,25.09.16,0,25.09.18,189,82644kg,김해공항,임차,B38M,7M8
20,국제항공운송사업,이스타항공,HL8759,B737-8,68125,25.12.08,0,25.12.09,189,82644kg,김해공항,임차,B38M,7M8
21,국제항공운송사업,이스타항공,HL8784,B737-8,43302,18.10.11,7,26.08.13,189,80920kg,김해공항,임차,B38M,7M8
22,국제항공운송사업,이스타항공,HL8762,B737-8,66770,26.08.13,0,26.08.14,189,82644kg,김해공항,임차,B38M,7M8
1,국가기관,인천광역시,HL9277,AW139,41286,12.06.01,14,13.03.04,14,6400kg,인천시 중구 운북동,구매,A139,
2,국가기관,인천광역시,HL9695,AW139,32030,23.10.31,2,23.12.26,14,7000kg,인천시 중구 운북동,구매,A139,
1,국가기관,전라남도,HL9669,AW139,31949,21.09.04,4,21.11.15,14,7000kg,전남 영암군 덕진면 소방항공대길99,구매,A139,
1,국가기관,전라북도,HL9680,AW139,31976,22.06.24,4,22.10.05,14,7000kg,완주,구매,A139,
1,항공기사용사업,제**(1513),HL1153,C-172S,172S8661,00.11.27,25,11.12.19,4,2550lbs,무안공항,구매,C172,CN1
1,항공기사용사업,제일항업,HL5115,C-208B,208B2011,08.05.26,18,08.12.24,11,3.969ton,김포공항,구매,C208,CN1
1,국가기관,제주소방안전본부,HL9633,KUH-1EM,KUH-1EM-17-001,18.03.26,8,18.04.06,12,8709kg,제주소방안전본부,,KUH1,
1,국제항공운송사업,제주항공,HL8295,B737-800,30694,06.02.08,20,14.02.06,0,79015kg,제주국제공항,임차,B738,738
2,국제항공운송사업,제주항공,HL8031,B737-800,37361,10.12.10,15,15.02.12,189,79015kg,제주국제공항,임차,B738,738
3,국제항공운송사업,제주항공,HL8032,B737-800,36367,10.03.10,16,15.03.31,189,70987kg,제주국제공항,임차,B738,738
4,국제항공운송사업,제주항공,HL8034,B737-800,38101,11.10.10,14,15.04.10,189,79015kg,제주국제공항,임차,B738,738
5,국제항공운송사업,제주항공,HL8051,B737-800,36573,08.04.17,18,15.12.14,189,79015kg,제주국제공항,임차,B738,738
6,국제항공운송사업,제주항공,HL8061,B737-800,37514,08.12.02,17,16.02.11,189,74990kg,제주국제공항,임차,B738,738
7,국제항공운송사업,제주항공,HL8062,B737-800,33634,08.12.19,17,16.04.04,189,79015kg,제주국제공항,임차,B738,738
8,국제항공운송사업,제주항공,HL8063,B737-800,37519,09.01.21,17,16.04.18,189,79015kg,제주국제공항,임차,B738,738
9,국제항공운송사업,제주항공,HL8064,B737-800,37532,09.05.06,17,16.07.04,189,79015kg,제주국제공항,임차,B738,738
10,국제항공운송사업,제주항공,HL8087,B737-800,35018,09.11.05,16,16.12.09,189,79015kg,제주공항,임차,B738,738
11,국제항공운송사업,제주항공,HL8090,B737-800,37540,09.07.24,17,17.03.24,189,79015kg,제주국제공항,임차,B738,738
12,국제항공운송사업,제주항공,HL8089,B737-800,37543,09.09.11,16,17.04.21,189,79015kg,제주국제공항,임차,B738,738
13,국제항공운송사업,제주항공,HL7213,B737-800,36814,09.09.02,16,17.09.18,189,78999kg,제주국제공항,임차,B738,738
14,국제항공운송사업,제주항공,HL8301,B737-800,29646,07.06.08,19,17.12.18,189,79000kg,제주국제공항,임차,B738,738
15,국제항공운송사업,제주항공,HL8304,B737-800,37816,10.03.03,16,18.02.26,189,78999kg,제주국제공항,임차,B738,738
16,국제항공운송사업,제주항공,HL8303,B737-800,30826,05.06.23,21,18.04.11,189,79000kg,제주국제공항,임차,B738,738
17,국제항공운송사업,제주항공,HL8302,B737-800,29671,05.05.02,21,18.05.04,189,79000kg,제주국제공항,임차,B738,738
18,국제항공운송사업,제주항공,HL8305,B737-800,37817,10.08.11,16,18.07.30,189,79000kg,제주국제공항,임차,B738,738
19,국제항공운송사업,제주항공,HL8318,B737-800,64179,18.10.16,7,18.10.16,174,79000kg,제주국제공항,임구,B738,738
20,국제항공운송사업,제주항공,HL8331,B737-800,39009,11.09.29,14,18.11.06,189,79000kg,제주국제공항,임차,B738,738
21,국제항공운송사업,제주항공,HL8321,B737-800,35134,07.01.23,19,18.12.21,189,79000kg,제주국제공항,임차,B738,738
22,국제항공운송사업,제주항공,HL8332,B737-800,39010,11.12.19,14,19.01.29,189,79000kg,제주국제공항,임차,B738,738
23,국제항공운송사업,제주항공,HL8322,B737-800,34690,07.02.21,19,19.02.15,189,79000kg,제주국제공항,임차,B738,738
24,국제항공운송사업,제주항공,HL8333,B737-800,39013,12.05.21,14,19.04.16,189,79000kg,제주국제공항,임차,B738,738
25,국제항공운송사업,제주항공,HL8334,B737-800,39014,12.06.11,14,19.05.03,189,79000kg,제주국제공항,임차,B738,738
26,국제항공운송사업,제주항공,HL8335,B737-800,39015,12.07.02,14,19.05.31,189,79000kg,제주국제공항,임차,B738,738
27,국제항공운송사업,제주항공,HL8337,B737-800,35983,11.04.19,15,19.06.06,189,79000kg,제주국제공항,임차,B738,738
28,국제항공운송사업,제주항공,HL8339,B737-800,40011,11.05.21,15,19.07.25,189,79000kg,제주국제공항,임차,B738,738
29,국제항공운송사업,제주항공,HL8336,B737-800,39016,12.08.16,14,19.09.10,189,79000kg,제주국제공항,임차,B738,738
30,국제항공운송사업,제주항공,HL8050,B737-800,36571,08.04.10,18,23.04.26,189,79105kg,제주국제공항,임차,B738,738
31,국제항공운송사업,제주항공,HL8539,B737-800,36570,08.04.10,18,23.06.28,189,79015kg,제주국제공항,임차,B738,738
32,국제항공운송사업,제주항공,HL8524,B737-8,66539,23.11.03,2,23.11.04,189,82190kg,제주국제공항,임구,B38M,7M8
33,국제항공운송사업,제주항공,HL8523,B737-8,66538,23.11.29,2,23.11.29,189,82190kg,제주국제공항,임구,B38M,7M8
34,국제항공운송사업,제주항공,HL8527,B737-800,32625,01.11.06,24,23.11.30,,79015kg,제주국제공항,임차,B738,738
35,국제항공운송사업,제주항공,HL8552,B737-8,66540,25.01.31,1,25.01.31,174,82190kg,제주국제공항,임구,B38M,7M8
36,국제항공운송사업,제주항공,HL8553,B737-8,66541,25.05.21,1,25.05.22,174,82190kg,제주국제공항,임구,B38M,7M8
37,국제항공운송사업,제주항공,HL8554,B737-8,66542,25.06.26,1,25.06.27,189,82190kg,제주국제공항,임구,B38M,7M8
38,국제항공운송사업,제주항공,HL8555,B737-8,66543,25.07.17,1,25.07.18,189,82190kg,제주국제공항,임구,B38M,7M8
39,국제항공운송사업,제주항공,HL8592,B737-8,66544,25.10.14,0,25.10.15,189,82190kg,제주국제공항,임구,B38M,7M8
40,국제항공운송사업,제주항공,HL8593,B737-8,66545,25.10.29,0,25.10.30,189,82190kg,제주국제공항,임구,B38M,7M8
41,국제항공운송사업,제주항공,HL8594,B737-8,66546,26.02.03,0,26.02.04,189,82190,제주국제공항,임구,B38M,7M8
42,국제항공운송사업,제주항공,HL8719,B737-8,66547,26.03.18,0,26.03.19,189,82190kg,제주국제공항,임구,B38M,7M8
43,국제항공운송사업,제주항공,HL8739,B737-8,66548,26.05.13,0,26.05.14,189,82190kg,제주국제공항,임구,B38M,7M8
44,국제항공운송사업,제주항공,HL8740,B737-8,66550,26.05.21,0,26.05.22,189,82190kg,제주국제공항,임구,B38M,7M8
45,국제항공운송사업,제주항공,HL8765,B737-8,66549,26.07.30,0,26.07.31,189,82190kg,제주국제공항,임구,B38M,7M8
1,항공기사용사업,주식회사 써니항공,HL5107,C-208,20800238,94.06.23,32,94.10.08,6,3628kg,김포공항,구매,C208,CN1
1,국가기관,중앙119구조본부,HL9451,AS-365N2,6504,97.01.24,29,07.12.05,14,4.25ton,충청강원119특수구조대,구매,AS65,
2,국가기관,중앙119구조본부,HL9452,AS-365N2,6549,99.12.10,26,07.12.05,14,4.25ton,충청강원119특수구조대,구매,AS65,
3,국가기관,중앙119구조본부,HL9472,EC225LP,2702,08.12.16,17,09.01.20,28,11ton,대구 구지면 구지서로,구매,EC45,
4,국가기관,중앙119구조본부,HL9666,EC225LP,3005,20.02.16,6,20.02.05,24,11000kg,경기도 남양주,구매,EC45,
5,국가기관,중앙119구조본부,HL9665,EC225LP,2994,20.03.27,6,20.07.10,24,11000kg,경기도 남양주,,EC45,
6,국가기관,중앙119구조본부,HL9686,KUHC-1,KUHC-1-22-002,22.09.15,3,22.09.16,12,8709kg,전남화순,구매,KUH1,
7,국가기관,중앙119구조본부,HL9687,KUHC-1,KUHC-1-22-003,22.09.08,3,22.09.23,12,8709kg,전남 화순군 이양면 학포로 327,구매,KUH1,
8,국가기관,중앙119구조본부,HL9677,S-92A,920302,21.10.20,4,23.12.07,19,12565kg,대구 구지면 구지서로,구매,S92,S92
9,국가기관,중앙119구조본부,HL9213,KUHC-1,KUH-1-26-007,26.04.30,0,26.05.08,12,8709kg,충청북도 충주시 주덕읍,구매,KUH1,
10,국가기관,중앙119구조본부,HL9215,KUHC-1,KUH-1-26-008,26.04.30,0,26.05.08,12,8709kg,충청북도 충주시 주덕읍,구매,KUH1,
1,항공기사용사업,중앙항업,HL1114,T-206H,T20608823,08.06.18,18,09.09.22,6,3800lbs,김포공항,구매,C206,
1,자가용,중원대학교,HL1231,C-172S,172S9843,05.06.15,21,15.12.01,4,2550lbs,무안공항,구매,C172,CN1
2,자가용,중원대학교,HL1232,C-172S,172S9852,05.06.16,21,15.12.01,4,2550lbs,무안공항,구매,C172,CN1
3,자가용,중원대학교,HL1233,C-172S,172S10509,07.05.24,19,15.12.01,4,2550lbs,무안공항,구매,C172,CN1
4,자가용,중원대학교,HL1273,C-172S,172S12044,17.06.05,9,17.09.04,4,2550lbs,무안공항,구매,C172,CN1
1,항공기사용사업,지오랩스(주),HL5121,C-208B,208B5045,13.08.23,13,22.07.14,10,3995kg,김포공항,구매,C208,CN1
1,국제항공운송사업,진에어,HL7560,B737-800,29981,00.07.10,26,00.08.15,147,79ton,포항공항,구매,B738,738
2,국제항공운송사업,진에어,HL7561,B737-800,29982,00.08.28,26,00.09.22,189,79ton,포항공항,임차,B738,738
3,국제항공운송사업,진에어,HL7562,B737-800,29983,00.09.15,25,00.10.11,189,79ton,인천국제공항,임차,B738,738
4,국제항공운송사업,진에어,HL7718,B737-900,29996,03.05.28,23,03.06.20,188,79.02ton,포항공항,구매,B739,739
5,국제항공운송사업,진에어,HL7719,B737-900,29997,03.11.09,22,03.12.17,188,79ton,포항공항,구매,B739,739
6,국제항공운송사업,진에어,HL7724,B737-900,29998,04.04.09,22,04.05.17,188,79ton,포항공항,구매,B739,739
7,국제항공운송사업,진에어,HL7734,B777-200,34207,05.07.06,21,05.07.28,393,292.56ton,무안공항,임차,B772,772
8,국제항공운송사업,진에어,HL7743,B777-200,34208,06.08.03,20,06.08.29,393,292.56ton,무안공항,임차,B772,772
9,국제항공운송사업,진에어,HL7757,B737-800,35790,06.11.08,19,06.12.06,147,79ton,포항공항,임차,B738,738
10,국제항공운송사업,진에어,HL7750,B777-200,34209,07.05.09,19,07.05.10,393,292.56ton,김포공항,임차,B772,772
11,국제항공운송사업,진에어,HL7786,B737-800,37163,09.06.18,17,09.07.15,147,79ton,김포공항,임차,B738,738
12,국제항공운송사업,진에어,HL8224,B737-800,38822,11.06.25,15,11.07.19,138,74.4ton,포항공항,임차,B738,738
13,국제항공운송사업,진에어,HL8225,B737-800,38823,11.10.05,14,11.11.07,138,74.4ton,포항공항,임차,B738,738
14,국제항공운송사업,진에어,HL8242,B737-800,38824,11.12.19,14,12.01.23,138,79ton,청주국제공항,임차,B738,738
15,국제항공운송사업,진에어,HL8243,B737-800,38825,12.01.31,14,12.02.17,138,79ton,청주국제공항,임차,B738,738
16,국제항공운송사업,진에어,HL8244,B737-800,38826,12.02.13,14,12.03.02,138,79ton,청주국제공항,임차,B738,738
17,국제항공운송사업,진에어,HL8245,B737-800,38827,12.03.23,14,12.04.02,138,79ton,김해공항,임차,B738,738
18,국제항공운송사업,진에어,HL8246,B737-800,41299,12.05.17,14,12.06.04,138,79ton,김해공항,임차,B738,738
19,국제항공운송사업,진에어,HL8247,B737-800,41300,12.10.01,13,12.10.22,138,79ton,김해공항,임차,B738,738
20,국제항공운송사업,진에어,HL8012,B737-800,41348,15.07.14,11,15.07.27,189,79ton,포항공항,임차,B738,738
21,국제항공운송사업,진에어,HL8013,B737-800,41346,15.08.31,10,15.09.11,189,79ton,원주공항,임차,B738,738
22,국제항공운송사업,진에어,HL8015,B737-800,42061,15.09.30,10,15.10.13,189,79.0ton,원주공항,임차,B738,738
23,국제항공운송사업,진에어,HL8014,B737-800,42051,15.10.12,10,15.10.23,189,79.0ton,원주공항,임차,B738,738
24,국제항공운송사업,진에어,HL8016,B737-800,41341,16.03.05,10,16.03.18,189,79ton,원주공항,임차,B738,738
25,국제항공운송사업,진에어,HL8017,B737-800,42055,16.06.19,10,16.06.29,189,79.0ton,원주공항,임차,B738,738
26,국제항공운송사업,진에어,HL8353,B737-8,63443,21.11.10,4,22.06.06,189,82190kg,무안공항,임구,B38M,7M8
27,국제항공운송사업,진에어,HL7215,B737-8,63444,24.02.09,2,24.02.09,189,82190kg,제주국제공항,임구,B38M,7M8
28,국제항공운송사업,진에어,HL7217,B737-8,63445,24.06.14,2,24.06.14,189,82190kg,원주공항,임구,B38M,7M8
29,국제항공운송사업,진에어,HL7218,B737-8,63441,24.09.14,1,24.09.14,189,82190kg,원주공항,임구,B38M,7M8
30,국제항공운송사업,진에어,HL7216,B737-8,63442,24.11.19,1,24.11.19,189,82190kg,청주국제공항,임구,B38M,7M8
31,국제항공운송사업,진에어,HL8568,B737-8,63450,26.01.27,0,26.01.28,189,82190kg,김해공항,임구,B38M,7M8
32,국제항공운송사업,진에어,HL8569,B737-8,63451,26.03.04,0,26.03.05,189,82190kg,김해공항,임구,B38M,7M8
1,항공기사용사업,첨단공간정보,HL5241,PA-31T,31T-7920028,79.01.23,47,18.09.11,7,9000lbs,김포공항,구매,PAY3,
2,항공기사용사업,첨단공간정보,HL1004,TU-206G,U20605318,80.10.08,45,98.10.27,3,1.633ton,김포공항,구매,C206,
1,자가용,초당학원,HL1188,DA 40 NG,40.N144,14.02.19,12,14.06.18,4,2822lbs,무안공항,구매,DA40,
2,자가용,초당학원,HL1189,DA 40 NG,40.N145,14.02.19,12,14.06.18,4,2822lbs,무안공항,구매,DA40,
3,자가용,초당학원,HL1190,DA 40 NG,40.N176,14.03.11,12,14.06.18,4,2822lbs,무안공항,구매,DA40,
4,자가용,초당학원,HL1226,DA 40 NG,40.N275,15.02.23,11,15.06.17,4,2822lbs,무안공항,구매,DA40,
5,자가용,초당학원,HL1227,DA 40 NG,40.N276,15.03.03,11,15.06.17,4,2822lbs,무안공항,구매,DA40,
6,자가용,초당학원,HL1228,DA 40 NG,40.N277,15.03.17,11,15.06.17,4,2822lbs,무안공항,구매,DA40,
7,자가용,초당학원,HL1229,DA 40 NG,40.N278,15.03.17,11,15.06.17,4,2822lbs,무안공항,구매,DA40,
8,자가용,초당학원,HL2041,DA 42 NG,40.N181,15.05.13,11,15.07.13,4,1900kg,무안공항,구매,DA42,
9,자가용,초당학원,HL1264,DA 40 NG,40.N325,17.03.23,9,17.07.07,4,1310kg,무안공항,구매,DA40,
10,자가용,초당학원,HL1265,DA 40 NG,40.N326,17.03.23,9,17.07.07,4,1310kg,무안공항,구매,DA40,
11,자가용,초당학원,HL1266,DA-40NG,40.N327,17.03.22,9,17.07.07,4,1310kg,무안공항,구매,DA40,
12,자가용,초당학원,HL1288,DA 40 NG,40.N477,20.03.10,6,20.12.24,4,1310kg,무안공항,구매,DA40,
13,자가용,초당학원,HL1289,DA 40 NG,40.N478,20.03.10,6,20.12.24,4,1310kg,무안공항,구매,DA40,
14,자가용,초당학원,HL1290,DA 40 NG,40.N479,20.03.10,6,20.12.24,4,1310kg,무안공항,구매,DA40,
15,자가용,초당학원,HL2049,DA 42,42.N412,23.08.29,2,23.11.01,4,1900kg,무안공항,구매,DA42,
1,항공기사용사업,최**(1708),HL9156,H-369D,510966D,81.06.03,45,03.01.18,5,1.36ton,김포공항,구매,H369,
1,국가기관,충청남도,HL9611,AW139,41404,15.06.05,11,15.11.09,14,6400kg,충남 청양,구매,A139,
2,국가기관,충청남도,HL9400,AW139,32126,25.11.19,0,26.02.26,14,7000kg,충남 청양,구매,A139,
1,국가기관,충청북도,HL9457,BK117C-2,4007,04.10.30,21,07.11.23,10,3.585ton,청주시 17전투비행단,구매,BK17,
1,소형항공기운송사업,케이에비에이션(주),HL8222,B737-700,37660,09.07.27,17,10.07.14,16,77.6ton,김포공항,구매,B737,73G
2,소형항공기운송사업,케이에비에이션(주),HL9609,AW139,31569,14.10.10,11,14.10.31,14,6400kg,김포공항,구매,A139,
3,소형항공기운송사업,케이에비에이션(주),HL9610,AW139,31575,14.12.19,11,15.01.09,14,6400kg,김포공항,구매,A139,
4,소형항공기운송사업,케이에비에이션(주),HL9698,AW139,32069,24.06.27,2,24.07.16,6,7000kg,김포공항,구매,A139,
5,소형항공기운송사업,케이에비에이션(주),HL9201,H160-B,1051,24.11.22,1,25.01.06,6,6050kg,김포공항,구매,H160,
1,소형항공기운송사업,코리아익스프레스에어,HL8054,EMB-145EP,145065,98.06.24,28,15.12.10,50,20990kg,양양국제공항,임차,E145,ER4
1,항공기사용사업,터보라인(주),HL1103,C-172M,17262581,80.11.14,45,06.05.23,4,2300lbs,양양공항,구매,C172,CN1
1,자가용,테크남코리아,HL2047,P2006T,277,19.04.24,7,19.11.18,4,1230kg,전남 영암군,구매,P06T,
1,항공기사용사업,트랜스헬리,HL9621,S-58HT,58-1464,62.02.01,64,16.01.14,18,12500lbs,강릉,구매,S58,
2,항공기사용사업,트랜스헬리,HL9629,S-58JT,58-1502,77.02.01,49,16.12.09,18,12500lbs,강릉,구매,S58,
3,항공기사용사업,트랜스헬리,HL9662,S-58JT,58-1626,73.05.15,53,20.01.17,18,12500lbs,강릉,구매,S58,
4,항공기사용사업,트랜스헬리,HL9663,S-58JT,58-1662,63.07.01,63,20.01.22,18,12500lbs,강릉,구매,S58,
5,항공기사용사업,트랜스헬리,HL9209,S-58JT,58-1564,62.12.01,63,25.12.23,18,5897kg,강릉,구매,S58,
6,항공기사용사업,트랜스헬리,HL9238,S-58JT,58-801,76.12.15,49,88.10.19,14,5.67ton,강릉,구매,S58,
1,국제항공운송사업,트리니티항공,HL8095,B737-800,30725,17.06.15,9,07.06.15,189,79015kg,김포공항,임차,B738,738
2,국제항공운송사업,트리니티항공,HL8211,A330-200,1133,10.06.21,16,10.07.26,218,237.9ton,인천국제공항,구매,A332,332
3,국제항공운송사업,트리니티항공,HL8235,B737-800,39448,10.08.31,15,10.09.09,189,70.533ton,양양공항,임차,B738,738
4,국제항공운송사업,트리니티항공,HL8212,A330-200,1155,10.08.30,15,10.09.29,218,238ton,인천국제공항,구매,A332,332
5,국제항공운송사업,트리니티항공,HL8227,A330-200,1200,11.01.24,15,11.02.14,218,238ton,인천국제공항,구매,A332,332
6,국제항공운송사업,트리니티항공,HL8228,A330-200,1203,11.01.31,15,11.03.07,218,238ton,인천국제공항,구매,A332,332
7,국제항공운송사업,트리니티항공,HL8276,A330-200,1393,13.02.11,13,13.03.08,218,238ton,인천국제공항,구매,A332,332
8,국제항공운송사업,트리니티항공,HL8030,B737-800,41804,15.03.04,11,15.03.05,189,79015kg,인천국제공항,임차,B738,738
9,국제항공운송사업,트리니티항공,HL8056,B737-800,36572,08.04.17,18,15.12.10,189,79015kg,제주국제공항,임차,B738,738
10,국제항공운송사업,트리니티항공,HL8067,B737-800,35279,08.06.27,18,16.03.24,189,79015kg,제주국제공항,임구,B738,738
11,국제항공운송사업,트리니티항공,HL8069,B737-800,35000,09.03.31,17,16.04.29,189,78999kg,김포공항,임차,B738,738
12,국제항공운송사업,트리니티항공,HL8070,B737-800,37535,09.06.30,17,16.07.08,189,78999kg,인천국제공항,임차,B738,738
13,국제항공운송사업,트리니티항공,HL8086,B737-800,38819,11.01.28,15,16.12.13,189,79015kg,인천국제공항,임차,B738,738
14,국제항공운송사업,트리니티항공,HL8098,B737-800,40234,09.07.20,17,17.06.12,189,79015kg,대구공항,임차,B738,738
15,국제항공운송사업,트리니티항공,HL8220,B737-800,37162,09.05.27,17,17.06.29,189,79015kg,대구공항,임차,B738,738
16,국제항공운송사업,트리니티항공,HL8300,B737-800,64872,17.12.15,8,17.12.15,189,78999kg,인천국제공항,임차,B738,738
17,국제항공운송사업,트리니티항공,HL8306,B737-800,40308,11.02.09,15,18.04.18,189,78999kg,청주국제공항,임차,B738,738
18,국제항공운송사업,트리니티항공,HL8323,B737-800,34988,11.09.26,14,18.10.15,189,78999kg,김포공항,임차,B738,738
19,국제항공운송사업,트리니티항공,HL8326,B737-800,34992,11.09.26,14,18.10.30,189,78999kg,김포공항,임차,B738,738
20,국제항공운송사업,트리니티항공,HL8324,B737-800,34989,11.09.20,14,18.11.07,189,78999kg,김포공항,임차,B738,738
21,국제항공운송사업,트리니티항공,HL8327,B737-800,40238,10.11.05,15,18.12.26,189,78999kg,청주국제공항,임차,B738,738
22,국제항공운송사업,트리니티항공,HL8329,B737-800,40239,10.11.12,15,19.01.09,189,79015kg,인천국제공항,임차,B738,738
23,국제항공운송사업,트리니티항공,HL8363,B737-800,35791,07.01.17,19,19.03.29,189,78999kg,김포공항,임차,B738,738
24,국제항공운송사업,트리니티항공,HL8354,B737-800,40246,11.06.03,15,19.05.08,189,78999kg,청주국제공항,임차,B738,738
25,국제항공운송사업,트리니티항공,HL8378,B737-800,36815,09.09.08,16,19.11.14,189,79015kg,대구공항,임차,B738,738
26,국제항공운송사업,트리니티항공,HL8379,B737-800,36551,09.07.29,17,19.12.07,189,78999kg,대구공항,임차,B738,738
27,국제항공운송사업,트리니티항공,HL8501,A330-300,1058,09.10.29,16,22.02.22,347,235000kg,인천국제공항,임차,A333,333
28,국제항공운송사업,트리니티항공,HL8502,A330-300,1065,09.11.30,16,22.03.31,347,235000kg,청주국제공항,임차,A333,333
29,국제항공운송사업,트리니티항공,HL8500,A330-300,1072,09.12.11,16,22.05.19,347,235000kg,청주국제공항,임차,A333,333
30,국제항공운송사업,트리니티항공,HL8513,B737-8,62900,22.12.14,3,22.12.15,189,82190kg,대구공항,임차,B38M,7M8
31,국제항공운송사업,트리니티항공,HL8514,B737-8,62913,23.01.27,3,23.01.27,189,82190kg,대구공항,임차,B38M,7M8
32,국제항공운송사업,트리니티항공,HL8547,B737-800,40066,14.11.03,11,23.09.19,189,79015kg,청주국제공항,임차,B738,738
33,국제항공운송사업,트리니티항공,HL8565,B737-800,36553,09.10.29,16,24.03.19,189,79016kg,대구공항,임차,B738,738
34,국제항공운송사업,트리니티항공,HL8564,B737-800,41397,14.01.28,12,24.06.10,189,79015kg,청주국제공항,임차,B738,738
35,국제항공운송사업,트리니티항공,HL8560,A330-300,1533,14.06.06,12,24.11.12,377,235000kg,청주국제공항,임차,A333,333
36,국제항공운송사업,트리니티항공,HL8706,B777-300ER,41430,13.11.27,12,24.12.09,294,34473000kg,인천국제공항,임차,B77W,77W
37,국제항공운송사업,트리니티항공,HL8708,A330-200,1096,10.03.31,16,25.03.19,256,238ton,청주국제공항,임차,A332,332
38,국제항공운송사업,트리니티항공,HL8707,B777-300ER,41432,13.03.16,13,25.03.21,294,,인천국제공항,임차,B77W,77W
39,국제항공운송사업,트리니티항공,HL8580,B737-8,62936,25.06.04,1,25.06.05,189,82190kg,청주국제공항,임차,B38M,7M8
40,국제항공운송사업,트리니티항공,HL8581,B737-8,66412,25.06.04,1,25.06.18,189,82190kg,청주국제공항,임차,B38M,7M8
41,국제항공운송사업,트리니티항공,HL8561,A330-300,1549,14.08.14,12,25.07.10,347,235000kg,청주국제공항,임차,A333,333
42,국제항공운송사업,트리니티항공,HL8579,B737-8,62919,25.08.25,0,25.08.26,189,82190kg,청주국제공항,임차,B38M,7M8
43,국제항공운송사업,트리니티항공,HL8737,B737-800,37932,10.12.01,15,25.10.02,189,79015kg,청주국제공항,임차,B738,738
44,국제항공운송사업,트리니티항공,HL8738,B737-800,37934,10.12.13,15,25.11.26,189,79015kg,김해공항,임차,B738,738
45,국제항공운송사업,트리니티항공,HL8751,B737-8,44325,26.01.28,0,26.01.29,189,82190kg,김해공항,임차,B38M,7M8
46,국제항공운송사업,트리니티항공,HL8752,B737-8,44323,26.03.23,0,26.03.24,189,82190kg,김해공항,임차,B38M,7M8
47,국제항공운송사업,트리니티항공,HL8753,B737-8,66420,26.04.13,0,26.04.14,189,82190kg,김해공항,임차,B38M,7M8
1,항공기사용사업,티티엠코리아항공,HL1074,C-172P,17276636,86.06.06,40,00.08.18,4,1.08ton,고창비행장,구매,C172,CN1
1,국제항공운송사업,파라타항공,HL8709,A330-200,1016,09.05.28,17,25.07.30,294,233000kg,양양국제공항,임차,A332,332
2,국제항공운송사업,파라타항공,HL8742,A320-200,3978,09.07.06,17,25.09.05,174,73500kg,양양공항,임차,A320,320
3,국제항공운송사업,파라타항공,HL8714,A330-200,0919,08.04.15,18,25.10.17,260,233000kg,양양국제공항,임차,A332,332
4,국제항공운송사업,파라타항공,HL8741,A320-200,3976,09.07.03,17,25.11.06,174,73500kg,양양국제공항,임차,A320,320
5,국제항공운송사업,파라타항공,HL8768,A330-200,,12.02.22,14,26.07.24,,,양양국제공항,임차,A332,332
1,항공기사용사업,펄코리아,HL9480,MI-2,529707036,86.03.28,40,08.12.29,9,3.55ton,김포공항,구매,MI2,
1,자가용,포스코,HL9266,S-76C,760515,01.08.31,24,01.09.21,12,5.307ton,포항제철 헬리포트,구매,S76,S76
2,자가용,포스코,HL9291,S-76C,760611,06.07.20,20,06.07.20,12,5.307ton,뵈怠봬,구매,S76,S76
1,항공기사용사업,플라잉타이거즈,HL1137,PA-25-235,25-7405688,74.07.30,52,10.07.27,1,1.315ton,전남 영암군,구매,PA25,
1,항공기사용사업,하나항공,HL1105,T-207A,20700727,81.10.08,44,07.04.20,8,"3,800lbs",김포공항,구매,C207,
2,항공기사용사업,하나항공,HL9477,AS-355F1,5136,94.08.04,32,08.10.17,7,2.6ton,김포공항,구매,AS55,
1,소형항공기운송사업,하이에어,HL5243,ATR 72-212A,862,09.04.20,17,19.05.23,50,23000kg,울산공항,구매,AT72,AT7
2,소형항공기운송사업,하이에어,HL5246,ATR 72-212A,944,11.03.04,15,23.03.08,50,22500kg,대구공항,구매,AT72,AT7
1,자가용,학교법인 일현학원,HL1180,C-172S,172S8063,99.01.02,27,13.08.08,4,2550lbs,김포공항,구매,C172,CN1
2,자가용,학교법인 일현학원,HL1191,C-172S,172S9064,02.04.11,24,13.12.12,4,2550lbs,양양국제공항,구매,C172,CN1
3,자가용,학교법인 일현학원,HL1199,C-172S,172S8262,99.09.30,26,14.05.14,4,2550lbs,강원도 양양,구매,C172,CN1
4,자가용,학교법인 일현학원,HL2040,DA 42,42.AC021,06.12.06,19,14.11.11,4,1785kg,김포공항,구매,DA42,
5,자가용,학교법인 일현학원,HL1280,C-172S,172S8615,00.10.11,25,18.09.19,4,2550lbs,한서대학교 태안비행장,구매,C172,CN1
6,자가용,학교법인 일현학원,HL1285,C-172S,172S12049,17.06.01,9,19.09.03,4,1157kg,양양국제공항,구매,C172,CN1
7,자가용,학교법인 일현학원,HL1286,C-172S,172S10399,06.09.05,19,19.09.30,4,1157kg,양양국제공항,구매,C172,CN1
8,자가용,학교법인 일현학원,HL1292,C-172S,172S9666,04.07.15,22,20.01.31,4,1157kg,양양공항,구매,C172,CN1
9,자가용,학교법인 일현학원,HL1291,C-172S,172S12434,20.02.03,6,20.04.28,4,1157kg,강원도 양양,구매,C172,CN1
1,자가용,학교법인 청석학원,HL1176,DA 40 NG,40.N139,13.10.22,12,14.01.22,4,1280kg,청주국제공항,구매,DA40,
2,자가용,학교법인 청석학원,HL1177,DA 40 NG,40.N140,13.10.28,12,14.01.22,4,1280kg,청주국제공항,구매,DA40,
3,자가용,학교법인 청석학원,HL1178,DA 40 NG,40.N141,13.10.23,12,14.01.22,4,1280kg,청주국제공항,구매,DA40,
4,자가용,학교법인 청석학원,HL1179,DA 40 NG,40.N142,13.11.06,12,14.01.22,4,1280kg,청주국제공항,구매,DA40,
5,자가용,학교법인 청석학원,HL1252,DA-40NG,40.N299,15.10.01,10,16.02.29,4,1280kg,무안공항,구매,DA40,
6,자가용,학교법인 청석학원,HL1253,DA-40NG,40.N300,15.10.13,10,16.02.29,4,1280kg,무안공항,구매,DA40,
7,자가용,학교법인 청석학원,HL1254,DA-40NG,40.N301,15.10.21,10,16.02.29,4,1280kg,무안공항,구매,DA40,
8,자가용,학교법인 청석학원,HL2046,DA 42 NG,42.N232,16.11.10,9,17.05.11,4,1999kg,무안공항,구매,DA42,
9,자가용,학교법인 청석학원,HL1295,DA-40NG,40.N269,15.01.07,11,21.08.03,4,1310kg,무안공항,구매,DA40,
1,자가용,학교법인 함주학원,HL6142,ENSTROM 280FX,2112,05.09.14,20,05.11.04,3,2600lbs,한서대학교 태안비행장,구매,E280,
2,자가용,학교법인 함주학원,HL1095,C-172S,172S10084,05.12.22,20,06.04.07,4,2550lbs,한서대학교 태안비행장,구매,C172,CN1
3,자가용,학교법인 함주학원,HL1096,C-172S,172S10092,05.12.22,20,06.04.07,4,1.157ton,한서대학교 태안비행장,구매,C172,CN1
4,자가용,학교법인 함주학원,HL1097,C-172S,172S10047,05.12.21,20,06.04.07,4,2550lbs,한서대학교 태안비행장,구매,C172,CN1
5,자가용,학교법인 함주학원,HL1101,C-172S,172S10185,06.05.08,20,06.07.18,4,1.157ton,한서대학교 태안비행장,구매,C172,CN1
6,자가용,학교법인 함주학원,HL9175,ENSTROM 480B,5100,06.12.12,19,06.12.12,5,1.361ton,한서대학교 태안비행장,구매,E480,
7,자가용,학교법인 함주학원,HL1083,C-172S,172S10766,08.07.11,18,08.10.15,4,1.157ton,한서대학교 태안비행장,구매,C172,CN1
8,자가용,학교법인 함주학원,HL1084,C-172S,172S10767,08.07.11,18,08.10.15,4,1.157ton,한서대학교 태안비행장,구매,C172,CN1
9,자가용,학교법인 함주학원,HL1085,C-172S,172S10769,08.07.14,18,08.10.15,4,1157kg,한서대학교 태안비행장,구매,C172,CN1
10,자가용,학교법인 함주학원,HL1109,C-172S,172S10775,08.07.14,18,08.10.15,4,1.157ton,한서대학교 태안비행장,구매,C172,CN1
11,자가용,학교법인 함주학원,HL8283,C525,525-0688,09.05.20,17,09.07.30,8,10700lbs,한서대학교 태안비행장,구매,C525,
12,자가용,학교법인 함주학원,HL9488,BELL412SP,33199,89.08.28,37,10.05.26,13,5.398ton,한서대학교 태안비행장,구매,B412,
13,자가용,학교법인 함주학원,HL1125,C-172S,172S10689,08.03.06,18,10.06.09,4,2550lbs,한서대학교 태안비행장,구매,C172,CN1
14,자가용,학교법인 함주학원,HL1128,C-172S,172S10513,07.05.16,19,10.06.09,4,2550lbs,한서대학교 태안비행장,구매,C172,CN1
15,자가용,학교법인 함주학원,HL1124,C-172S,172S10687,08.03.06,18,10.06.30,4,2550lbs,한서대학교 태안비행장,구매,C172,CN1
16,자가용,학교법인 함주학원,HL1126,C-172S,172S10520,07.05.24,19,10.06.30,4,2550lbs,한서대학교 태안비행장,구매,C172,CN1
17,자가용,학교법인 함주학원,HL2031,PA44-180,4496275,10.01.15,16,10.07.07,4,3800lbs,한서대학교 태안비행장,구매,PA44,
18,자가용,학교법인 함주학원,HL2032,PA44-180,4496276,10.01.12,16,10.07.07,4,3800lbs,한서대학교 태안비행장,구매,PA44,
19,자가용,학교법인 함주학원,HL5238,BEECH 1900D,UE-222,96.06.25,30,10.07.13,18,7.7ton,한서대학교 태안비행장,구매,B190,BEC
20,자가용,학교법인 함주학원,HL1142,C-172S,172S10732,08.03.08,18,11.03.22,4,2550lbs,한서대학교 태안비행장,구매,C172,CN1
21,자가용,학교법인 함주학원,HL1143,C-172S,172S10731,08.03.08,18,11.03.22,4,2550lbs,한서대학교 태안비행장,구매,C172,CN1
22,자가용,학교법인 함주학원,HL1152,C-172S,172S11141,11.11.14,14,12.02.15,4,1157kg,한서대학교 태안비행장,구매,C172,CN1
23,자가용,학교법인 함주학원,HL1159,EA 300/LT,LT016,12.05.21,14,12.10.04,2,950kg,한서대학교 태안비행장,구매,E300,
24,자가용,학교법인 함주학원,HL0306,ASK 21,21899,12.12.19,13,13.05.06,2,600kg,한서대학교 태안비행장,구매,AS21,
25,자가용,학교법인 함주학원,HL1169,C-172S,172S10609,07.10.18,18,13.10.25,4,1157kg,한서대학교 태안비행장,구매,C172,CN1
26,자가용,학교법인 함주학원,HL1170,C-172S,172S10652,07.12.13,18,13.10.25,4,1157kg,한서대학교 태안비행장,구매,C172,CN1
27,자가용,학교법인 함주학원,HL1186,C-172S,172S11235,13.02.20,13,14.01.21,4,1156kg,한서대학교 태안비행장,구매,C172,CN1
28,자가용,학교법인 함주학원,HL1198,C-172S,172S11427,14.05.20,12,14.07.23,4,1157kg,한서대학교 태안비행장,구매,C172,CN1
29,자가용,학교법인 함주학원,HL1268,C-172S,172S12125,18.05.10,8,18.11.13,4,1157kg,한서대학교 태안비행장,구매,C172,CN1
30,자가용,학교법인 함주학원,HL1269,C-172S,172S12132,18.05.10,8,18.11.13,4,1157kg,충남태안 비행장,구매,C172,CN1
31,자가용,학교법인 함주학원,HL1270,C-172S,172S12138,18.05.10,8,18.11.13,4,1157kg,한서대학교 태안비행장,구매,C172,CN1
32,자가용,학교법인 함주학원,HL1271,C-172S,172S12142,18.05.10,8,18.11.13,4,1157kg,한서대학교 태안비행장,구매,C172,CN1
33,자가용,학교법인 함주학원,HL1272,C-172S,172S12150,18.05.10,8,18.11.13,4,1157kg,한서대학교 태안비행장,구매,C172,CN1
34,자가용,학교법인 함주학원,HL6148,R22 BETA,4857,21.10.11,4,21.12.20,2,622kg,한서대학교 태안비행장,구매,R22,
35,자가용,학교법인 함주학원,HL6150,R22 BETA,4922,25.08.11,1,25.11.03,2,622kg,한서대학교 태안비행장,구매,R22,
36,자가용,학교법인 함주학원,HL2050,PA-44-180,4496629,26.02.23,0,26.08.05,,,한서대학교 태안비행장,구매,PA44,
1,항공기사용사업,한국공항공사,HL8219,C-525,525-0940,17.03.03,9,17.03.21,5,4853kg,울진비행장,구매,C525,
1,자가용,한국교통대학교,HL1195,SR20,2245,14.02.11,12,14.03.28,4,1361kg,무안공항,구매,SR20,
2,자가용,한국교통대학교,HL1207,SR20,2265,14.06.30,12,14.09.03,4,1361kg,무안공항,구매,SR20,
3,자가용,한국교통대학교,HL1208,SR20,2266,14.06.30,12,14.09.03,4,1361kg,무안공항,구매,SR20,
4,자가용,한국교통대학교,HL1209,SR20,2267,14.06.30,12,14.09.03,4,1361kg,무안공항,구매,SR20,
5,자가용,한국교통대학교,HL1284,SR20,2510,19.08.23,7,19.12.18,4,1429kg,무안공항,구매,SR20,
6,자가용,한국교통대학교,HL1298,SR20,9260,23.05.26,3,23.08.25,4,1429kg,무안공항,구매,SR20,
1,자가용,한국방송공사,HL9278,BELL430,49111,05.08.01,21,06.07.06,8,4218kg,김포공항,구매,B430,
1,자가용,한국소아링협회,HL0305,K-8B,8636,66.10.06,59,02.06.27,2,0.31ton,수색비행장,구매,K8,
1,항공기사용사업,한국에스지티,HL5119,C-208B,208B1178,06.03.03,20,09.12.15,11,4.127ton,김포공항,구매,C208,CN1
1,항공기사용사업,한국항공,HL1138,C-172S,172S8979,01.11.14,24,10.12.29,4,2550lbs,청주국제공항,구매,C172,CN1
2,항공기사용사업,한국항공,HL1155,C-172S,172S9740,04.12.07,21,12.01.06,4,2550lbs,청주국제공항,구매,C172,CN1
3,항공기사용사업,한국항공,HL1182,C-172R,17280224,97.11.06,28,13.10.11,4,2457lbs,청주국제공항,구매,C172,CN1
1,자가용,한국항공대학교,HL0304,L23,008715,00.08.29,26,00.10.24,2,510kg,수색비행장,구매,L23,
2,자가용,한국항공대학교,HL1086,C-172R,17280996,01.02.16,25,01.04.23,4,1.111ton,수색비행장,구매,C172,CN1
3,자가용,한국항공대학교,HL1087,C-172R,17280998,01.02.16,25,01.04.23,4,1.111ton,수색비행장,구매,C172,CN1
4,자가용,한국항공대학교,HL1131,C-172S,172S10967,10.06.30,16,10.07.27,4,1156kg,수색비행장,구매,C172,CN1
5,자가용,한국항공대학교,HL1132,C-172S,172S10968,10.06.30,16,10.07.27,4,1156kg,수색비행장,구매,C172,CN1
6,자가용,한국항공대학교,HL1133,C-172S,172S10969,10.06.30,16,10.07.27,4,1156kg,수색비행장,구매,C172,CN1
7,자가용,한국항공대학교,HL1134,C-172S,172S10976,10.07.12,16,10.08.06,4,1156kg,수색비행장,구매,C172,CN1
8,자가용,한국항공대학교,HL1135,C-172S,172S10978,10.07.12,16,10.08.06,4,1156kg,수색비행장,구매,C172,CN1
9,자가용,한국항공대학교,HL1136,C-172S,172S10980,10.07.12,16,10.08.06,4,1156kg,수색비행장,구매,C172,CN1
10,자가용,한국항공대학교,HL2035,DA 42 NG,42.N014,11.01.12,15,11.03.16,4,1900kg,수색비행장,구매,DA42,
11,자가용,한국항공대학교,HL1171,C-172S,172S11237,12.09.26,13,12.11.15,4,1156kg,수색비행장,구매,C172,CN1
12,자가용,한국항공대학교,HL1173,C-172S,172S11316,13.06.25,13,13.08.12,4,2550lbs,수색비행장,구매,C172,CN1
13,자가용,한국항공대학교,HL1175,C-172S,172S11318,13.06.25,13,13.08.12,4,2550lbs,수색비행장,구매,C172,CN1
14,자가용,한국항공대학교,HL1221,C-172S,172S11533,15.02.10,11,15.04.08,4,2550lbs,수색비행장,구매,C172,CN1
15,자가용,한국항공대학교,HL1222,C-172S,172S11534,15.02.19,11,15.04.08,4,2550lbs,수색비행장,구매,C172,CN1
16,자가용,한국항공대학교,HL1223,C-172S,172S11535,15.02.24,11,15.04.08,4,2550lbs,수색비행장,구매,C172,CN1
17,자가용,한국항공대학교,HL1224,C-172S,172S11536,15.02.23,11,15.04.08,4,2550lbs,수색비행장,구매,C172,CN1
18,자가용,한국항공대학교,HL1081,C-172R,17280511,98.12.07,27,99.03.12,4,1.111ton,수색비행장,구매,C172,CN1
19,자가용,한국항공대학교,HL1082,C-172R,17280541,98.12.03,27,99.03.12,4,1.111ton,수색비행장,구매,C172,CN1
1,자가용,한국항공우주산업,HL1200,KC-100,13-001,13.12.04,12,13.12.10,4,1633kg,사천공항,구매,KC10,
2,자가용,한국항공우주산업,HL9648,EC-155B1,6825,08.12.10,17,18.09.18,6,4920kg,한국항공우주산업,구매,EC55,
1,항공기사용사업,한국항공촬영(주),HL8373,C-550,550-0021,78.03.24,48,19.08.14,7,6033kg,김포공항,구매,C550,CNJ
1,항공기사용사업,한라스카이에어,HL2004,P68C TC,322-27-TC,84.09.30,41,07.08.24,6,2.084ton,김포공항,구매,P68,PN6
1,자가용,한서대학교산학협력단,HL9169,480B,5081,05.09.14,20,05.11.07,4,3000lbs,한서대학교 태안비행장,구매,E480,
2,항공기사용사업,한서대학교산학협력단,HL5200,C90GT,LJ1801,06.12.11,19,06.12.22,8,4.581kg,한서대학교 태안비행장,구매,C90GT,
1,항공기사용사업,한양항공,HL1070,MXT-7,14038-C,91.10.08,34,92.04.27,4,1.136ton,전북 남원요천비행장,구매,MX7,
1,자가용,한화솔루션,HL7227,B737-700,35977,06.09.15,19,10.09.30,19,77.564ton,김포공항,구매,B737,73G
1,항공기사용사업,헬리월드,HL9479,MI-2,5411037119,89.11.24,36,08.12.24,9,3.550ton,김포산업단지,구매,MI2,
1,항공기사용사업,헬리코리아,HL9154,BELL214B-1,28008,80.03.20,46,02.10.31,16,16000lbs,대전 헬리코리아 헬기장,구매,B214,
2,항공기사용사업,헬리코리아,HL9159,BELL214B-1,28037,80.09.20,45,03.02.05,16,16000lbs,대전 헬리코리아 헬기장,구매,B214,
3,항공기사용사업,헬리코리아,HL9160,BELL214B-1,28070,82.01.27,44,03.04.09,16,5.727ton,대전 헬리코리아 헬기장,구매,B214,
4,항공기사용사업,헬리코리아,HL9270,S-76C+,760528,02.10.31,23,03.06.05,10,5.307ton,헬리코리아 헬기장,구매,S76,S76
5,항공기사용사업,헬리코리아,HL9289,KA-32A,6004/007,89.04.29,37,06.01.03,15,11ton,대전 헬리코리아 헬기장,구매,KA27,
6,항공기사용사업,헬리코리아,HL9475,KA-32A,61-02/016,08.10.01,17,08.10.01,16,11ton,대전 헬리코리아 헬기장,구매,KA27,
7,항공기사용사업,헬리코리아,HL9489,S-76C+,760521,01.08.01,25,10.06.24,16,5.307ton,대전 헬리코리아 헬기장,구매,S76,S76
8,항공기사용사업,헬리코리아,HL9191,B407,53986,10.01.30,16,10.11.19,7,2722kg,대전 헬리코리아 헬기장,구매,B407,
9,항공기사용사업,헬리코리아,HL9197,B407,53082,96.11.30,29,11.11.21,7,2267kg,대전 헬리코리아 헬기장,구매,B407,
10,항공기사용사업,헬리코리아,HL9200,BK117C-1,1129,00.12.04,25,12.06.07,8,3350kg,대전 헬리코리아 헬기장,구매,BK17,
11,항공기사용사업,헬리코리아,HL9628,AW169,69041,16.10.25,9,16.11.21,10,4600kg,대전 헬리코리아 헬기장,구매,A169,
12,항공기사용사업,헬리코리아,HL9627,AW169,69032,16.10.21,9,16.11.28,10,4600kg,헬리코리아 헬기장,구매,A169,
13,항공기사용사업,헬리코리아,HL9631,AW169,69051,16.12.15,9,16.12.26,10,4600kg,대전 헬리코리아 헬기장,임차,A169,
14,항공기사용사업,헬리코리아,HL9643,AW109SP,22377,17.10.26,8,17.11.21,8,3175kg,대전 헬리코리아 헬기장,구매,A109,
15,항공기사용사업,헬리코리아,HL9644,AW109SP,22379,17.11.30,8,17.12.08,8,3175kg,헬리코리아 헬기장,구매,A109,
16,항공기사용사업,헬리코리아,HL9672,KA-32A,9102/015,93.03.31,33,21.04.06,15,11000kg,대전 헬리코리아 헬기장,구매,KA27,
17,항공기사용사업,헬리코리아,HL9401,KA-32A11BC,52332405028902/017,92.09.08,33,23.02.06,15,11000kg,헬리코리아 헬기장,구매,KA32,
1,자가용,현대자동차,HL8290,B737-700,41375,13.01.30,13,14.07.16,17,77.564ton,김포공항,구매,B737,73G
2,자가용,현대자동차,HL9673,S-76D,761082,20.03.24,6,23.09.01,8,5386kg,김포공항,구매,S76,S76
3,자가용,현대자동차,HL8550,GVI,6545,23.06.18,3,23.11.15,12,103600lbs,김포공항,구매,G650,
1,항공기사용사업,홍익항공,HL9158,BELL214B-1,28046,80.05.20,46,03.02.05,18,5.67ton,김포공항,구매,B214,
2,항공기사용사업,홍익항공,HL9166,AS-350B2,3029,98.02.05,28,04.12.28,6,2250kg,김포공항,구매,AS50,
3,항공기사용사업,홍익항공,HL9174,AS-350B2,2689,92.11.27,33,06.04.19,6,2250kg,김포공항,구매,AS50,
4,항공기사용사업,홍익항공,HL9185,AS-350B2,2895,95.10.29,30,07.12.05,6,2.25ton,김포공항,구매,AS50,
5,항공기사용사업,홍익항공,HL9458,BK117B-2,1119,98.08.26,28,07.12.05,10,3.35ton,김포공항,구매,BK17,
6,항공기사용사업,홍익항공,HL9199,AS-350B2,2332,90.04.26,36,12.02.24,6,2250kg,김포공항,구매,AS50,
7,항공기사용사업,홍익항공,HL9302,AS-350B2,2674,92.09.11,33,13.02.18,6,2250kg,김포공항,구매,AS50,
8,항공기사용사업,홍익항공,HL9307,AS-350B2,3880,04.11.12,21,23.02.23,6,4960lbs,김포공항,구매,AS50,
9,항공기사용사업,홍익항공,HL9315,AS-350B2,4432,08.05.31,18,23.10.27,6,2250kg,김포공항,구매,AS50,
10,항공기사용사업,홍익항공,HL9316,AS-350B2,7622,13.03.10,13,23.10.27,6,2250kg,김포공항,구매,AS50,
11,항공기사용사업,홍익항공,HL9318,AS-350B2,3547,02.04.05,24,24.02.06,6,2250kg,김포공항,구매,AS50,
12,항공기사용사업,홍익항공,HL9320,AS-350B2,3877,04.11.05,21,24.09.13,6,2250kg,김포공항,구매,AS50,
13,항공기사용사업,홍익항공,HL9328,AS-350B2,7348,12.02.20,14,26.04.28,6,2250kg,김포공항,구매,AS50,
14,항공기사용사업,홍익항공,HL9116,BELL214B-1,28058,81.04.21,45,94.03.29,18,5.67ton,김포공항,구매,B214,
